/*
SQLyog Ultimate v11.11 (64 bit)
MySQL - 5.6.21 : Database - appsolutec
*********************************************************************
*/

/*!40101 SET NAMES utf8 */;

/*!40101 SET SQL_MODE=''*/;

/*!40014 SET @OLD_UNIQUE_CHECKS=@@UNIQUE_CHECKS, UNIQUE_CHECKS=0 */;
/*!40014 SET @OLD_FOREIGN_KEY_CHECKS=@@FOREIGN_KEY_CHECKS, FOREIGN_KEY_CHECKS=0 */;
/*!40101 SET @OLD_SQL_MODE=@@SQL_MODE, SQL_MODE='NO_AUTO_VALUE_ON_ZERO' */;
/*!40111 SET @OLD_SQL_NOTES=@@SQL_NOTES, SQL_NOTES=0 */;
CREATE DATABASE /*!32312 IF NOT EXISTS*/`appsolutec` /*!40100 DEFAULT CHARACTER SET utf8 COLLATE utf8_unicode_ci */;

USE `appsolutec`;

/*Table structure for table `agendas` */

DROP TABLE IF EXISTS `agendas`;

CREATE TABLE `agendas` (
  `id` bigint(9) NOT NULL AUTO_INCREMENT,
  `idProveedorServicio` bigint(9) NOT NULL,
  `idTipoAgenda` tinyint(4) NOT NULL DEFAULT '1',
  `hora_ini` time NOT NULL,
  `hora_fin` time NOT NULL,
  `dia_semana` date NOT NULL,
  `fecha_ini` date NOT NULL,
  `fecha_fin` date NOT NULL,
  `fecha_Reg` timestamp NOT NULL DEFAULT CURRENT_TIMESTAMP ON UPDATE CURRENT_TIMESTAMP,
  `usuario_reg` bigint(20) DEFAULT NULL,
  `activo` tinyint(1) NOT NULL DEFAULT '1',
  PRIMARY KEY (`id`),
  KEY `idTipoAgenda` (`idTipoAgenda`),
  KEY `idProveedorServicio` (`idProveedorServicio`),
  CONSTRAINT `agendas_ibfk_1` FOREIGN KEY (`idTipoAgenda`) REFERENCES `tipoagenda` (`id`) ON DELETE CASCADE ON UPDATE CASCADE,
  CONSTRAINT `agendas_ibfk_2` FOREIGN KEY (`idProveedorServicio`) REFERENCES `proveedorservicios` (`id`) ON DELETE CASCADE ON UPDATE CASCADE
) ENGINE=InnoDB DEFAULT CHARSET=utf8 COLLATE=utf8_unicode_ci;

/*Data for the table `agendas` */

/*Table structure for table `calificacioncliente` */

DROP TABLE IF EXISTS `calificacioncliente`;

CREATE TABLE `calificacioncliente` (
  `id` int(11) NOT NULL DEFAULT '0',
  `idCliente` bigint(9) NOT NULL,
  `idProveedor` bigint(9) NOT NULL,
  `calificacion` varchar(15) COLLATE utf8_unicode_ci NOT NULL,
  `opinion` longtext COLLATE utf8_unicode_ci,
  `fechaRegistro` timestamp NOT NULL DEFAULT CURRENT_TIMESTAMP ON UPDATE CURRENT_TIMESTAMP,
  `estado` tinyint(1) NOT NULL DEFAULT '1'
) ENGINE=InnoDB DEFAULT CHARSET=utf8 COLLATE=utf8_unicode_ci;

/*Data for the table `calificacioncliente` */

/*Table structure for table `calificacionproveedor` */

DROP TABLE IF EXISTS `calificacionproveedor`;

CREATE TABLE `calificacionproveedor` (
  `id` int(11) NOT NULL AUTO_INCREMENT,
  `idCliente` bigint(9) NOT NULL,
  `idProveedor` bigint(9) NOT NULL,
  `calificacion` varchar(15) COLLATE utf8_unicode_ci NOT NULL,
  `opinion` longtext COLLATE utf8_unicode_ci,
  `fechaRegistro` timestamp NOT NULL DEFAULT CURRENT_TIMESTAMP ON UPDATE CURRENT_TIMESTAMP,
  `estado` tinyint(1) NOT NULL DEFAULT '1',
  PRIMARY KEY (`id`),
  KEY `idCliente` (`idCliente`),
  KEY `idProveedor` (`idProveedor`),
  CONSTRAINT `calificacionproveedor_ibfk_1` FOREIGN KEY (`idCliente`) REFERENCES `clientes` (`id`) ON DELETE CASCADE ON UPDATE CASCADE,
  CONSTRAINT `calificacionproveedor_ibfk_2` FOREIGN KEY (`idProveedor`) REFERENCES `proveedores` (`id`) ON DELETE CASCADE ON UPDATE CASCADE
) ENGINE=InnoDB AUTO_INCREMENT=4 DEFAULT CHARSET=utf8 COLLATE=utf8_unicode_ci;

/*Data for the table `calificacionproveedor` */

insert  into `calificacionproveedor`(`id`,`idCliente`,`idProveedor`,`calificacion`,`opinion`,`fechaRegistro`,`estado`) values (1,2,3,'Bueno','Muy Recomendado','2018-07-12 13:28:08',1),(2,2,3,'Regular','Llego muy tarde','2018-07-12 13:28:11',1),(3,2,3,'Bueno','Lo recomiendo','2018-07-12 13:29:20',1);

/*Table structure for table `categorias` */

DROP TABLE IF EXISTS `categorias`;

CREATE TABLE `categorias` (
  `id` smallint(3) NOT NULL AUTO_INCREMENT,
  `nombre` varchar(150) COLLATE utf8_unicode_ci NOT NULL,
  `fechaReg` timestamp NOT NULL DEFAULT CURRENT_TIMESTAMP ON UPDATE CURRENT_TIMESTAMP,
  `activo` tinyint(1) NOT NULL DEFAULT '1',
  PRIMARY KEY (`id`)
) ENGINE=InnoDB AUTO_INCREMENT=17 DEFAULT CHARSET=utf8 COLLATE=utf8_unicode_ci;

/*Data for the table `categorias` */

insert  into `categorias`(`id`,`nombre`,`fechaReg`,`activo`) values (1,'Conciertos','2018-08-15 10:55:25',1),(2,'Educación','2018-08-15 10:55:30',1),(3,'Entretenimiento','2018-08-15 10:55:33',1),(4,'Estéticas','2018-08-15 10:55:35',1),(5,'Jardinería','2018-08-15 10:55:38',1),(6,'Religión','2018-08-15 10:55:41',1),(7,'Seguros','2018-08-15 10:55:43',1),(8,'Servicios de Salud','2018-08-15 10:55:46',1),(9,'Servicios Legales','2018-08-15 10:55:49',1),(10,'Transporte de Carga','2018-08-15 10:55:53',1),(11,'TV por Cable','2018-08-15 10:55:57',1),(12,'Contabilidad','2018-08-15 10:45:17',1),(13,'Lavandería','2018-08-15 10:45:17',1),(14,'Publicidad','2018-08-15 10:45:17',1),(15,'Mentenimiento','2018-08-15 10:45:17',1),(16,'Instalación','2018-08-15 10:56:10',1);

/*Table structure for table `clientes` */

DROP TABLE IF EXISTS `clientes`;

CREATE TABLE `clientes` (
  `id` bigint(9) NOT NULL AUTO_INCREMENT,
  `usuario` varchar(255) COLLATE utf8_unicode_ci NOT NULL,
  `nombres` varchar(150) COLLATE utf8_unicode_ci NOT NULL,
  `apellidos` varchar(150) COLLATE utf8_unicode_ci NOT NULL,
  `idMunicipio` bigint(6) NOT NULL,
  `calificacion` char(5) COLLATE utf8_unicode_ci NOT NULL,
  `fechaNac` date DEFAULT NULL,
  `fechaReg` timestamp NOT NULL DEFAULT CURRENT_TIMESTAMP ON UPDATE CURRENT_TIMESTAMP,
  `activo` tinyint(1) NOT NULL DEFAULT '1',
  PRIMARY KEY (`id`)
) ENGINE=InnoDB AUTO_INCREMENT=9 DEFAULT CHARSET=utf8 COLLATE=utf8_unicode_ci;

/*Data for the table `clientes` */

insert  into `clientes`(`id`,`usuario`,`nombres`,`apellidos`,`idMunicipio`,`calificacion`,`fechaNac`,`fechaReg`,`activo`) values (1,'josealf7@gmail.com','Jose Alfredo','Tapia Arroyo',1,'0','1978-09-04','2018-04-16 22:14:31',1),(2,'norelys@correo.com','MARELIS MABEL','GARIZAO VASQUEZ',1,'0','1985-12-25','2018-04-23 17:59:56',1),(3,'josealf@correo.com','Cesar Alfonso','Tapia Arroyo',1,'0','1982-02-23','2018-10-18 17:40:01',1),(4,'cesar@correo.com','CESAR ALFONSO','TAPIA ARROYO',1,'0','1982-03-23','2018-10-18 17:54:42',1),(5,'orlay@correo.com','ORLAY DAVID','TAPIA ARROYO',1,'0','1981-02-24','2018-10-18 17:56:50',1),(6,'enis@correo.com','ENIS YOJANA','TAPIA ARROYO',1,'0','1984-11-12','2018-10-18 17:59:06',1),(7,'mariana@correo.com','Mariana Sofia','Tapia Garizao',3,'0','2006-03-29','2018-10-18 18:26:52',1),(8,'josealf123@correo.com','ELEJANDRA LUCIA','Tapia Garizao',1,'0','2010-03-16','2018-10-22 17:54:07',1);

/*Table structure for table `continentes` */

DROP TABLE IF EXISTS `continentes`;

CREATE TABLE `continentes` (
  `id` tinyint(1) NOT NULL AUTO_INCREMENT,
  `nombre` varchar(255) COLLATE utf8_unicode_ci NOT NULL,
  `fecha_reg` timestamp NOT NULL DEFAULT CURRENT_TIMESTAMP ON UPDATE CURRENT_TIMESTAMP,
  `activo` tinyint(1) NOT NULL DEFAULT '1',
  PRIMARY KEY (`id`)
) ENGINE=InnoDB AUTO_INCREMENT=8 DEFAULT CHARSET=utf8 COLLATE=utf8_unicode_ci;

/*Data for the table `continentes` */

insert  into `continentes`(`id`,`nombre`,`fecha_reg`,`activo`) values (1,'America Central','2018-03-25 14:17:32',1),(2,'America del Norte','2018-03-25 14:17:40',1),(3,'America del Sur','2018-03-25 14:17:45',1),(4,'Asia','2018-03-25 14:17:49',1),(5,'Africa','2018-03-25 14:17:53',1),(6,'Antartida','2018-03-25 14:18:08',1),(7,'Oceania','2018-03-25 14:18:14',1);

/*Table structure for table `departamentos` */

DROP TABLE IF EXISTS `departamentos`;

CREATE TABLE `departamentos` (
  `id` varchar(2) NOT NULL,
  `idPais` tinyint(4) NOT NULL DEFAULT '1',
  `nombre` char(200) NOT NULL,
  `fecha_reg` timestamp NOT NULL DEFAULT CURRENT_TIMESTAMP ON UPDATE CURRENT_TIMESTAMP,
  `estado` tinyint(1) NOT NULL DEFAULT '1',
  PRIMARY KEY (`id`),
  KEY `idPais` (`idPais`),
  CONSTRAINT `departamentos_ibfk_1` FOREIGN KEY (`idPais`) REFERENCES `paises` (`id`) ON DELETE CASCADE ON UPDATE CASCADE
) ENGINE=InnoDB DEFAULT CHARSET=latin1;

/*Data for the table `departamentos` */

insert  into `departamentos`(`id`,`idPais`,`nombre`,`fecha_reg`,`estado`) values ('05',1,'ANTIOQUIA','2021-05-30 09:23:29',1),('08',1,'ATLANTICO','2021-05-30 09:23:29',1),('13',1,'BOLIVAR','2021-05-30 09:23:29',1),('15',1,'BOYACA','2021-05-30 09:23:29',1),('17',1,'CALDAS','2021-05-30 09:23:29',1),('18',1,'CAQUETA','2021-05-30 09:23:29',1),('19',1,'CAUCA','2021-05-30 09:23:29',1),('20',1,'CESAR','2021-05-30 09:23:29',1),('23',1,'CORDOBA','2021-05-30 09:23:29',1),('25',1,'CUNDINAMARCA','2021-05-30 09:23:29',1),('27',1,'CHOCO','2021-05-30 09:23:29',1),('41',1,'HUILA','2021-05-30 09:23:29',1),('44',1,'LA GUAJIRA','2021-05-30 09:23:29',1),('47',1,'MAGDALENA','2021-05-30 09:23:29',1),('50',1,'META','2021-05-30 09:23:29',1),('52',1,'NARIÑO','2021-05-30 09:23:29',1),('54',1,'NORTE DE SANTANDER','2021-05-30 09:23:29',1),('63',1,'QUINDIO','2021-05-30 09:23:29',1),('66',1,'RISARALDA','2021-05-30 09:23:29',1),('68',1,'SANTANDER','2021-05-30 09:23:29',1),('70',1,'SUCRE','2021-05-30 09:23:29',1),('73',1,'TOLIMA','2021-05-30 09:23:29',1),('76',1,'VALLE DEL CAUCA','2021-05-30 09:23:29',1),('81',1,'ARAUCA','2021-05-30 09:23:29',1),('85',1,'CASANARE','2021-05-30 09:23:29',1),('86',1,'PUTUMAYO','2021-05-30 09:23:29',1),('88',1,'SAN ANDRES','2021-05-30 09:23:29',1),('91',1,'AMAZONAS','2021-05-30 09:23:29',1),('94',1,'GUAINIA','2021-05-30 09:23:29',1),('95',1,'GUAVIARE','2021-05-30 09:23:29',1),('97',1,'VAUPES','2021-05-30 09:23:29',1),('99',1,'VICHADA','2021-05-30 09:23:29',1);

/*Table structure for table `disponibilidad_dias` */

DROP TABLE IF EXISTS `disponibilidad_dias`;

CREATE TABLE `disponibilidad_dias` (
  `id` int(11) NOT NULL AUTO_INCREMENT,
  `idProveedor` bigint(9) NOT NULL,
  `Dias` char(3) COLLATE utf8_unicode_ci NOT NULL,
  `estado` tinyint(1) NOT NULL DEFAULT '1',
  `fechaReg` timestamp NOT NULL DEFAULT CURRENT_TIMESTAMP ON UPDATE CURRENT_TIMESTAMP,
  PRIMARY KEY (`id`),
  KEY `idProveedor` (`idProveedor`),
  CONSTRAINT `disponibilidad_dias_ibfk_1` FOREIGN KEY (`idProveedor`) REFERENCES `proveedores` (`id`) ON DELETE CASCADE ON UPDATE CASCADE
) ENGINE=InnoDB AUTO_INCREMENT=21 DEFAULT CHARSET=utf8 COLLATE=utf8_unicode_ci;

/*Data for the table `disponibilidad_dias` */

insert  into `disponibilidad_dias`(`id`,`idProveedor`,`Dias`,`estado`,`fechaReg`) values (16,1,'Mar',1,'2018-11-12 18:53:39'),(17,1,'Lun',1,'2018-11-13 10:48:09'),(18,1,'Mie',1,'2018-11-13 10:45:20'),(19,1,'Vie',1,'2018-11-12 18:53:39'),(20,1,'Dom',2,'2018-11-13 10:46:27');

/*Table structure for table `disponibilidad_horas` */

DROP TABLE IF EXISTS `disponibilidad_horas`;

CREATE TABLE `disponibilidad_horas` (
  `id` int(11) NOT NULL AUTO_INCREMENT,
  `idProveedor` bigint(9) NOT NULL,
  `Hora` time NOT NULL,
  `estado` tinyint(1) NOT NULL DEFAULT '1',
  `fechaReg` timestamp NOT NULL DEFAULT CURRENT_TIMESTAMP ON UPDATE CURRENT_TIMESTAMP,
  PRIMARY KEY (`id`),
  KEY `idProveedor` (`idProveedor`),
  CONSTRAINT `disponibilidad_horas_ibfk_1` FOREIGN KEY (`idProveedor`) REFERENCES `proveedores` (`id`) ON DELETE CASCADE ON UPDATE CASCADE
) ENGINE=InnoDB AUTO_INCREMENT=24 DEFAULT CHARSET=utf8 COLLATE=utf8_unicode_ci;

/*Data for the table `disponibilidad_horas` */

insert  into `disponibilidad_horas`(`id`,`idProveedor`,`Hora`,`estado`,`fechaReg`) values (20,1,'13:00:00',1,'2018-11-12 18:53:39'),(21,1,'15:00:00',1,'2018-11-13 21:43:46'),(22,1,'17:00:00',1,'2018-11-13 21:43:43'),(23,1,'18:00:00',2,'2018-11-13 21:43:55');

/*Table structure for table `eventos` */

DROP TABLE IF EXISTS `eventos`;

CREATE TABLE `eventos` (
  `id` int(10) unsigned NOT NULL AUTO_INCREMENT,
  `title` varchar(150) COLLATE utf8_spanish_ci DEFAULT NULL,
  `body` text COLLATE utf8_spanish_ci NOT NULL,
  `url` varchar(150) COLLATE utf8_spanish_ci NOT NULL,
  `class` varchar(45) COLLATE utf8_spanish_ci NOT NULL DEFAULT 'event-important',
  `start` varchar(15) COLLATE utf8_spanish_ci NOT NULL,
  `end` varchar(15) COLLATE utf8_spanish_ci NOT NULL,
  `inicio_normal` varchar(50) COLLATE utf8_spanish_ci NOT NULL,
  `final_normal` varchar(50) COLLATE utf8_spanish_ci NOT NULL,
  PRIMARY KEY (`id`)
) ENGINE=InnoDB AUTO_INCREMENT=2 DEFAULT CHARSET=utf8 COLLATE=utf8_spanish_ci;

/*Data for the table `eventos` */

insert  into `eventos`(`id`,`title`,`body`,`url`,`class`,`start`,`end`,`inicio_normal`,`final_normal`) values (1,'Disponible','asdasdhioiuasd asdasd asdadad','','event-important','1537386180000','1538250180000','19/09/2018 16:43','29/09/2018 16:43');

/*Table structure for table `localizacionclientes` */

DROP TABLE IF EXISTS `localizacionclientes`;

CREATE TABLE `localizacionclientes` (
  `idCliente` bigint(9) NOT NULL,
  `id` int(11) NOT NULL AUTO_INCREMENT,
  `direccion` varchar(80) COLLATE utf8_unicode_ci NOT NULL,
  `lat` float(10,6) NOT NULL,
  `lng` float(10,6) NOT NULL,
  `fechaReg` timestamp NOT NULL DEFAULT CURRENT_TIMESTAMP ON UPDATE CURRENT_TIMESTAMP,
  `activo` tinyint(4) NOT NULL DEFAULT '1',
  PRIMARY KEY (`id`),
  KEY `idCliente` (`idCliente`),
  CONSTRAINT `localizacionclientes_ibfk_1` FOREIGN KEY (`idCliente`) REFERENCES `clientes` (`id`) ON DELETE CASCADE ON UPDATE CASCADE
) ENGINE=InnoDB AUTO_INCREMENT=9 DEFAULT CHARSET=utf8 COLLATE=utf8_unicode_ci;

/*Data for the table `localizacionclientes` */

insert  into `localizacionclientes`(`idCliente`,`id`,`direccion`,`lat`,`lng`,`fechaReg`,`activo`) values (1,1,'KR 47A #31-50',9.717400,-75.120232,'2018-04-08 11:05:53',1),(2,2,'KR 47A #31-50',8.670438,-74.030014,'2018-04-23 17:59:56',1),(3,3,'KR 47 #31-50 BARRIO 7 DE AGOSTO',9.717400,-75.120232,'2018-10-18 17:40:01',1),(4,4,'KR 47 #31-50 BARRIO 7 DE AGOSTO',9.717400,-75.120232,'2018-10-18 17:54:42',1),(5,5,'KR 47 #31-50 BARRIO 7 DE AGOSTO',9.717400,-75.120232,'2018-10-18 17:56:50',1),(6,6,'KR 47 #31-50 BARRIO 7 DE AGOSTO',9.717400,-75.120232,'2018-10-18 17:59:06',1),(7,7,'KR 47 #31-50 BARRIO 7 DE AGOSTO',9.717400,-75.120232,'2018-10-18 18:26:52',1),(8,8,'KR 47 #31-50 BARRIO 7 DE AGOSTO',40.463669,-3.749220,'2018-10-22 17:54:07',1);

/*Table structure for table `localizacionproveedores` */

DROP TABLE IF EXISTS `localizacionproveedores`;

CREATE TABLE `localizacionproveedores` (
  `idProveedor` bigint(9) NOT NULL,
  `id` int(11) NOT NULL AUTO_INCREMENT,
  `direccion` varchar(80) COLLATE utf8_unicode_ci NOT NULL,
  `lat` float(10,6) NOT NULL,
  `lng` float(10,6) NOT NULL,
  `fechaReg` timestamp NOT NULL DEFAULT CURRENT_TIMESTAMP ON UPDATE CURRENT_TIMESTAMP,
  `activo` tinyint(4) NOT NULL DEFAULT '1',
  PRIMARY KEY (`id`),
  KEY `idProveedor` (`idProveedor`),
  CONSTRAINT `localizacionproveedores_ibfk_1` FOREIGN KEY (`idProveedor`) REFERENCES `proveedores` (`id`) ON DELETE CASCADE ON UPDATE CASCADE
) ENGINE=InnoDB AUTO_INCREMENT=8 DEFAULT CHARSET=utf8 COLLATE=utf8_unicode_ci;

/*Data for the table `localizacionproveedores` */

insert  into `localizacionproveedores`(`idProveedor`,`id`,`direccion`,`lat`,`lng`,`fechaReg`,`activo`) values (1,1,'Cl 25 KR 59 barrio Montecarmelo',4.570868,-74.297333,'2018-04-08 18:26:23',1),(3,3,'KR 47A #31-50',9.717400,-75.120232,'2018-04-08 19:04:28',1),(4,4,'kra 55',4.570868,-74.297333,'2018-09-15 19:05:59',1),(5,5,'kr 55',9.717400,-75.120232,'2018-09-18 05:43:58',1),(6,6,'Cra 45 # 25-72',9.717400,-75.120232,'2018-10-16 19:41:33',1),(7,7,'KR 47 #31-50 BARRIO 7 DE AGOSTO',9.717400,-75.120232,'2018-10-18 17:59:06',1);

/*Table structure for table `municipios` */

DROP TABLE IF EXISTS `municipios`;

CREATE TABLE `municipios` (
  `idDepartamento` varchar(2) NOT NULL,
  `id` varchar(5) NOT NULL,
  `nombre` varchar(255) DEFAULT NULL,
  `fecha_reg` timestamp NOT NULL DEFAULT CURRENT_TIMESTAMP ON UPDATE CURRENT_TIMESTAMP,
  `estado` tinyint(1) NOT NULL DEFAULT '1',
  PRIMARY KEY (`id`),
  KEY `idDepartamento` (`idDepartamento`),
  CONSTRAINT `municipios_ibfk_1` FOREIGN KEY (`idDepartamento`) REFERENCES `departamentos` (`id`) ON DELETE CASCADE ON UPDATE CASCADE
) ENGINE=InnoDB DEFAULT CHARSET=latin1;

/*Data for the table `municipios` */

insert  into `municipios`(`idDepartamento`,`id`,`nombre`,`fecha_reg`,`estado`) values ('05','05001','MEDELLIN','2021-05-30 09:28:22',1),('05','05002','ABEJORRAL','2021-05-30 09:28:22',1),('05','05004','ABRIAQUI','2021-05-30 09:28:22',1),('05','05021','ALEJANDRIA','2021-05-30 09:28:22',1),('05','05030','AMAGA','2021-05-30 09:28:22',1),('05','05031','AMALFI','2021-05-30 09:28:22',1),('05','05034','ANDES','2021-05-30 09:28:22',1),('05','05036','ANGELOPOLIS','2021-05-30 09:28:22',1),('05','05038','ANGOSTURA','2021-05-30 09:28:22',1),('05','05040','ANORI','2021-05-30 09:28:22',1),('05','05042','SANTAFE DE ANTIOQUIA','2021-05-30 09:28:22',1),('05','05044','ANZA','2021-05-30 09:28:22',1),('05','05045','APARTADO','2021-05-30 09:28:22',1),('05','05051','ARBOLETES','2021-05-30 09:28:22',1),('05','05055','ARGELIA','2021-05-30 09:28:22',1),('05','05059','ARMENIA','2021-05-30 09:28:22',1),('05','05079','BARBOSA','2021-05-30 09:28:22',1),('05','05086','BELMIRA','2021-05-30 09:28:22',1),('05','05088','BELLO','2021-05-30 09:28:22',1),('05','05091','BETANIA','2021-05-30 09:28:22',1),('05','05093','BETULIA','2021-05-30 09:28:22',1),('05','05101','CIUDAD BOLIVAR','2021-05-30 09:28:22',1),('05','05107','BRICEÑO','2021-05-30 09:28:22',1),('05','05113','BURITICA','2021-05-30 09:28:22',1),('05','05120','CACERES','2021-05-30 09:28:22',1),('05','05125','CAICEDO','2021-05-30 09:28:22',1),('05','05129','CALDAS','2021-05-30 09:28:22',1),('05','05134','CAMPAMENTO','2021-05-30 09:28:22',1),('05','05138','CAÑASGORDAS','2021-05-30 09:28:22',1),('05','05142','CARACOLI','2021-05-30 09:28:22',1),('05','05145','CARAMANTA','2021-05-30 09:28:22',1),('05','05147','CAREPA','2021-05-30 09:28:22',1),('05','05148','EL CARMEN DE VIBORAL','2021-05-30 09:28:22',1),('05','05150','CAROLINA','2021-05-30 09:28:22',1),('05','05154','CAUCASIA','2021-05-30 09:28:22',1),('05','05172','CHIGORODO','2021-05-30 09:28:22',1),('05','05190','CISNEROS','2021-05-30 09:28:22',1),('05','05197','COCORNA','2021-05-30 09:28:22',1),('05','05206','CONCEPCION','2021-05-30 09:28:22',1),('05','05209','CONCORDIA','2021-05-30 09:28:22',1),('05','05212','COPACABANA','2021-05-30 09:28:22',1),('05','05234','DABEIBA','2021-05-30 09:28:22',1),('05','05237','DON MATIAS','2021-05-30 09:28:22',1),('05','05240','EBEJICO','2021-05-30 09:28:22',1),('05','05250','EL BAGRE','2021-05-30 09:28:22',1),('05','05264','ENTRERRIOS','2021-05-30 09:28:22',1),('05','05266','ENVIGADO','2021-05-30 09:28:22',1),('05','05282','FREDONIA','2021-05-30 09:28:22',1),('05','05284','FRONTINO','2021-05-30 09:28:22',1),('05','05306','GIRALDO','2021-05-30 09:28:22',1),('05','05308','GIRARDOTA','2021-05-30 09:28:22',1),('05','05310','GOMEZ PLATA','2021-05-30 09:28:22',1),('05','05313','GRANADA','2021-05-30 09:28:22',1),('05','05315','GUADALUPE','2021-05-30 09:28:22',1),('05','05318','GUARNE','2021-05-30 09:28:22',1),('05','05321','GUATAPE','2021-05-30 09:28:22',1),('05','05347','HELICONIA','2021-05-30 09:28:22',1),('05','05353','HISPANIA','2021-05-30 09:28:22',1),('05','05360','ITAGUI','2021-05-30 09:28:22',1),('05','05361','ITUANGO','2021-05-30 09:28:22',1),('05','05364','JARDIN','2021-05-30 09:28:22',1),('05','05368','JERICO','2021-05-30 09:28:22',1),('05','05376','LA CEJA','2021-05-30 09:28:22',1),('05','05380','LA ESTRELLA','2021-05-30 09:28:22',1),('05','05390','LA PINTADA','2021-05-30 09:28:22',1),('05','05400','LA UNION','2021-05-30 09:28:22',1),('05','05411','LIBORINA','2021-05-30 09:28:22',1),('05','05425','MACEO','2021-05-30 09:28:22',1),('05','05440','MARINILLA','2021-05-30 09:28:22',1),('05','05467','MONTEBELLO','2021-05-30 09:28:22',1),('05','05475','MURINDO','2021-05-30 09:28:22',1),('05','05480','MUTATA','2021-05-30 09:28:22',1),('05','05483','NARIÑO','2021-05-30 09:28:22',1),('05','05490','NECOCLI','2021-05-30 09:28:22',1),('05','05495','NECHI','2021-05-30 09:28:22',1),('05','05501','OLAYA','2021-05-30 09:28:22',1),('05','05541','PEÐOL','2021-05-30 09:28:22',1),('05','05543','PEQUE','2021-05-30 09:28:22',1),('05','05576','PUEBLORRICO','2021-05-30 09:28:22',1),('05','05579','PUERTO BERRIO','2021-05-30 09:28:22',1),('05','05585','PUERTO NARE','2021-05-30 09:28:22',1),('05','05591','PUERTO TRIUNFO','2021-05-30 09:28:22',1),('05','05604','REMEDIOS','2021-05-30 09:28:22',1),('05','05607','RETIRO','2021-05-30 09:28:22',1),('05','05615','RIONEGRO','2021-05-30 09:28:22',1),('05','05628','SABANALARGA','2021-05-30 09:28:22',1),('05','05631','SABANETA','2021-05-30 09:28:22',1),('05','05642','SALGAR','2021-05-30 09:28:22',1),('05','05647','SAN ANDRES DE CUERQUIA','2021-05-30 09:28:22',1),('05','05649','SAN CARLOS','2021-05-30 09:28:22',1),('05','05652','SAN FRANCISCO','2021-05-30 09:28:22',1),('05','05656','SAN JERONIMO','2021-05-30 09:28:22',1),('05','05658','SAN JOSE DE LA MONTAÑA','2021-05-30 09:28:22',1),('05','05659','SAN JUAN DE URABA','2021-05-30 09:28:22',1),('05','05660','SAN LUIS','2021-05-30 09:28:22',1),('05','05664','SAN PEDRO','2021-05-30 09:28:22',1),('05','05665','SAN PEDRO DE URABA','2021-05-30 09:28:22',1),('05','05667','SAN RAFAEL','2021-05-30 09:28:22',1),('05','05670','SAN ROQUE','2021-05-30 09:28:22',1),('05','05674','SAN VICENTE','2021-05-30 09:28:22',1),('05','05679','SANTA BARBARA','2021-05-30 09:28:22',1),('05','05686','SANTA ROSA DE OSOS','2021-05-30 09:28:22',1),('05','05690','SANTO DOMINGO','2021-05-30 09:28:22',1),('05','05697','EL SANTUARIO','2021-05-30 09:28:22',1),('05','05736','SEGOVIA','2021-05-30 09:28:22',1),('05','05756','SONSON','2021-05-30 09:28:22',1),('05','05761','SOPETRAN','2021-05-30 09:28:22',1),('05','05789','TAMESIS','2021-05-30 09:28:22',1),('05','05790','TARAZA','2021-05-30 09:28:22',1),('05','05792','TARSO','2021-05-30 09:28:22',1),('05','05809','TITIRIBI','2021-05-30 09:28:22',1),('05','05819','TOLEDO','2021-05-30 09:28:22',1),('05','05837','TURBO','2021-05-30 09:28:22',1),('05','05842','URAMITA','2021-05-30 09:28:22',1),('05','05847','URRAO','2021-05-30 09:28:22',1),('05','05854','VALDIVIA','2021-05-30 09:28:22',1),('05','05856','VALPARAISO','2021-05-30 09:28:22',1),('05','05858','VEGACHI','2021-05-30 09:28:22',1),('05','05861','VENECIA','2021-05-30 09:28:22',1),('05','05873','VIGIA DEL FUERTE','2021-05-30 09:28:22',1),('05','05885','YALI','2021-05-30 09:28:22',1),('05','05887','YARUMAL','2021-05-30 09:28:22',1),('05','05890','YOLOMBO','2021-05-30 09:28:22',1),('05','05893','YONDO','2021-05-30 09:28:22',1),('05','05895','ZARAGOZA','2021-05-30 09:28:22',1),('08','08001','BARRANQUILLA','2021-05-30 09:28:22',1),('08','08078','BARANOA','2021-05-30 09:28:22',1),('08','08137','CAMPO DE LA CRUZ','2021-05-30 09:28:22',1),('08','08141','CANDELARIA','2021-05-30 09:28:22',1),('08','08296','GALAPA','2021-05-30 09:28:22',1),('08','08372','JUAN DE ACOSTA','2021-05-30 09:28:22',1),('08','08421','LURUACO','2021-05-30 09:28:22',1),('08','08433','MALAMBO','2021-05-30 09:28:22',1),('08','08436','MANATI','2021-05-30 09:28:22',1),('08','08520','PALMAR DE VARELA','2021-05-30 09:28:22',1),('08','08549','PIOJO','2021-05-30 09:28:22',1),('08','08558','POLONUEVO','2021-05-30 09:28:22',1),('08','08560','PONEDERA','2021-05-30 09:28:22',1),('08','08573','PUERTO COLOMBIA','2021-05-30 09:28:22',1),('08','08606','REPELON','2021-05-30 09:28:22',1),('08','08634','SABANAGRANDE','2021-05-30 09:28:22',1),('08','08638','SABANALARGA','2021-05-30 09:28:22',1),('08','08675','SANTA LUCIA','2021-05-30 09:28:22',1),('08','08685','SANTO TOMAS','2021-05-30 09:28:22',1),('08','08758','SOLEDAD','2021-05-30 09:28:22',1),('08','08770','SUAN','2021-05-30 09:28:22',1),('08','08832','TUBARA','2021-05-30 09:28:22',1),('08','08849','USIACURI','2021-05-30 09:28:22',1),('13','13001','CARTAGENA','2021-05-30 09:28:22',1),('13','13006','ACHI','2021-05-30 09:28:22',1),('13','13030','ALTOS DEL ROSARIO','2021-05-30 09:28:22',1),('13','13042','ARENAL','2021-05-30 09:28:22',1),('13','13052','ARJONA','2021-05-30 09:28:22',1),('13','13062','ARROYOHONDO','2021-05-30 09:28:22',1),('13','13074','BARRANCO DE LOBA','2021-05-30 09:28:22',1),('13','13140','CALAMAR','2021-05-30 09:28:22',1),('13','13160','CANTAGALLO','2021-05-30 09:28:22',1),('13','13188','CICUCO','2021-05-30 09:28:22',1),('13','13212','CORDOBA','2021-05-30 09:28:22',1),('13','13222','CLEMENCIA','2021-05-30 09:28:22',1),('13','13244','EL CARMEN DE BOLIVAR','2021-05-30 09:28:22',1),('13','13248','EL GUAMO','2021-05-30 09:28:22',1),('13','13268','EL PEÑON','2021-05-30 09:28:22',1),('13','13300','HATILLO DE LOBA','2021-05-30 09:28:22',1),('13','13430','MAGANGUE','2021-05-30 09:28:22',1),('13','13433','MAHATES','2021-05-30 09:28:22',1),('13','13440','MARGARITA','2021-05-30 09:28:22',1),('13','13442','MARIA LA BAJA','2021-05-30 09:28:22',1),('13','13458','MONTECRISTO','2021-05-30 09:28:22',1),('13','13468','MOMPOS','2021-05-30 09:28:22',1),('13','13473','MORALES','2021-05-30 09:28:22',1),('13','13490','NOROSI','2021-05-30 09:28:22',1),('13','13549','PINILLOS','2021-05-30 09:28:22',1),('13','13580','REGIDOR','2021-05-30 09:28:22',1),('13','13600','RIO VIEJO','2021-05-30 09:28:22',1),('13','13620','SAN CRISTOBAL','2021-05-30 09:28:22',1),('13','13647','SAN ESTANISLAO','2021-05-30 09:28:22',1),('13','13650','SAN FERNANDO','2021-05-30 09:28:22',1),('13','13654','SAN JACINTO','2021-05-30 09:28:22',1),('13','13655','SAN JACINTO DEL CAUCA','2021-05-30 09:28:22',1),('13','13657','SAN JUAN NEPOMUCENO','2021-05-30 09:28:22',1),('13','13667','SAN MARTIN DE LOBA','2021-05-30 09:28:22',1),('13','13670','SAN PABLO','2021-05-30 09:28:22',1),('13','13673','SANTA CATALINA','2021-05-30 09:28:22',1),('13','13683','SANTA ROSA','2021-05-30 09:28:22',1),('13','13688','SANTA ROSA DEL SUR','2021-05-30 09:28:22',1),('13','13744','SIMITI','2021-05-30 09:28:22',1),('13','13760','SOPLAVIENTO','2021-05-30 09:28:22',1),('13','13780','TALAIGUA NUEVO','2021-05-30 09:28:22',1),('13','13810','TIQUISIO','2021-05-30 09:28:22',1),('13','13836','TURBACO','2021-05-30 09:28:22',1),('13','13838','TURBANA','2021-05-30 09:28:22',1),('13','13873','VILLANUEVA','2021-05-30 09:28:22',1),('13','13894','ZAMBRANO','2021-05-30 09:28:22',1),('15','15001','TUNJA','2021-05-30 09:28:22',1),('15','15022','ALMEIDA','2021-05-30 09:28:22',1),('15','15047','AQUITANIA','2021-05-30 09:28:22',1),('15','15051','ARCABUCO','2021-05-30 09:28:22',1),('15','15087','BELEN','2021-05-30 09:28:22',1),('15','15090','BERBEO','2021-05-30 09:28:22',1),('15','15092','BETEITIVA','2021-05-30 09:28:22',1),('15','15097','BOAVITA','2021-05-30 09:28:22',1),('15','15104','BOYACA','2021-05-30 09:28:22',1),('15','15106','BRICEÑO','2021-05-30 09:28:22',1),('15','15109','BUENAVISTA','2021-05-30 09:28:22',1),('15','15114','BUSBANZA','2021-05-30 09:28:22',1),('15','15131','CALDAS','2021-05-30 09:28:22',1),('15','15135','CAMPOHERMOSO','2021-05-30 09:28:22',1),('15','15162','CERINZA','2021-05-30 09:28:22',1),('15','15172','CHINAVITA','2021-05-30 09:28:22',1),('15','15176','CHIQUINQUIRA','2021-05-30 09:28:22',1),('15','15180','CHISCAS','2021-05-30 09:28:22',1),('15','15183','CHITA','2021-05-30 09:28:22',1),('15','15185','CHITARAQUE','2021-05-30 09:28:22',1),('15','15187','CHIVATA','2021-05-30 09:28:22',1),('15','15189','CIENEGA','2021-05-30 09:28:22',1),('15','15204','COMBITA','2021-05-30 09:28:22',1),('15','15212','COPER','2021-05-30 09:28:22',1),('15','15215','CORRALES','2021-05-30 09:28:22',1),('15','15218','COVARACHIA','2021-05-30 09:28:22',1),('15','15223','CUBARA','2021-05-30 09:28:22',1),('15','15224','CUCAITA','2021-05-30 09:28:22',1),('15','15226','CUITIVA','2021-05-30 09:28:22',1),('15','15232','CHIQUIZA','2021-05-30 09:28:22',1),('15','15236','CHIVOR','2021-05-30 09:28:22',1),('15','15238','DUITAMA','2021-05-30 09:28:22',1),('15','15244','EL COCUY','2021-05-30 09:28:22',1),('15','15248','EL ESPINO','2021-05-30 09:28:22',1),('15','15272','FIRAVITOBA','2021-05-30 09:28:22',1),('15','15276','FLORESTA','2021-05-30 09:28:22',1),('15','15293','GACHANTIVA','2021-05-30 09:28:22',1),('15','15296','GAMEZA','2021-05-30 09:28:22',1),('15','15299','GARAGOA','2021-05-30 09:28:22',1),('15','15317','GUACAMAYAS','2021-05-30 09:28:22',1),('15','15322','GUATEQUE','2021-05-30 09:28:22',1),('15','15325','GUAYATA','2021-05-30 09:28:22',1),('15','15332','GsICAN','2021-05-30 09:28:22',1),('15','15362','IZA','2021-05-30 09:28:22',1),('15','15367','JENESANO','2021-05-30 09:28:22',1),('15','15368','JERICO','2021-05-30 09:28:22',1),('15','15377','LABRANZAGRANDE','2021-05-30 09:28:22',1),('15','15380','LA CAPILLA','2021-05-30 09:28:22',1),('15','15401','LA VICTORIA','2021-05-30 09:28:22',1),('15','15403','LA UVITA','2021-05-30 09:28:22',1),('15','15407','VILLA DE LEYVA','2021-05-30 09:28:22',1),('15','15425','MACANAL','2021-05-30 09:28:22',1),('15','15442','MARIPI','2021-05-30 09:28:22',1),('15','15455','MIRAFLORES','2021-05-30 09:28:22',1),('15','15464','MONGUA','2021-05-30 09:28:22',1),('15','15466','MONGUI','2021-05-30 09:28:22',1),('15','15469','MONIQUIRA','2021-05-30 09:28:22',1),('15','15476','MOTAVITA','2021-05-30 09:28:22',1),('15','15480','MUZO','2021-05-30 09:28:22',1),('15','15491','NOBSA','2021-05-30 09:28:22',1),('15','15494','NUEVO COLON','2021-05-30 09:28:22',1),('15','15500','OICATA','2021-05-30 09:28:22',1),('15','15507','OTANCHE','2021-05-30 09:28:22',1),('15','15511','PACHAVITA','2021-05-30 09:28:22',1),('15','15514','PAEZ','2021-05-30 09:28:22',1),('15','15516','PAIPA','2021-05-30 09:28:22',1),('15','15518','PAJARITO','2021-05-30 09:28:22',1),('15','15522','PANQUEBA','2021-05-30 09:28:22',1),('15','15531','PAUNA','2021-05-30 09:28:22',1),('15','15533','PAYA','2021-05-30 09:28:22',1),('15','15537','PAZ DE RIO','2021-05-30 09:28:22',1),('15','15542','PESCA','2021-05-30 09:28:22',1),('15','15550','PISBA','2021-05-30 09:28:22',1),('15','15572','PUERTO BOYACA','2021-05-30 09:28:22',1),('15','15580','QUIPAMA','2021-05-30 09:28:22',1),('15','15599','RAMIRIQUI','2021-05-30 09:28:22',1),('15','15600','RAQUIRA','2021-05-30 09:28:22',1),('15','15621','RONDON','2021-05-30 09:28:22',1),('15','15632','SABOYA','2021-05-30 09:28:22',1),('15','15638','SACHICA','2021-05-30 09:28:22',1),('15','15646','SAMACA','2021-05-30 09:28:22',1),('15','15660','SAN EDUARDO','2021-05-30 09:28:22',1),('15','15664','SAN JOSE DE PARE','2021-05-30 09:28:22',1),('15','15667','SAN LUIS DE GACENO','2021-05-30 09:28:22',1),('15','15673','SAN MATEO','2021-05-30 09:28:22',1),('15','15676','SAN MIGUEL DE SEMA','2021-05-30 09:28:22',1),('15','15681','SAN PABLO DE BORBUR','2021-05-30 09:28:22',1),('15','15686','SANTANA','2021-05-30 09:28:22',1),('15','15690','SANTA MARIA','2021-05-30 09:28:22',1),('15','15693','SANTA ROSA DE VITERBO','2021-05-30 09:28:22',1),('15','15696','SANTA SOFIA','2021-05-30 09:28:22',1),('15','15720','SATIVANORTE','2021-05-30 09:28:22',1),('15','15723','SATIVASUR','2021-05-30 09:28:22',1),('15','15740','SIACHOQUE','2021-05-30 09:28:22',1),('15','15753','SOATA','2021-05-30 09:28:22',1),('15','15755','SOCOTA','2021-05-30 09:28:22',1),('15','15757','SOCHA','2021-05-30 09:28:22',1),('15','15759','SOGAMOSO','2021-05-30 09:28:22',1),('15','15761','SOMONDOCO','2021-05-30 09:28:22',1),('15','15762','SORA','2021-05-30 09:28:22',1),('15','15763','SOTAQUIRA','2021-05-30 09:28:22',1),('15','15764','SORACA','2021-05-30 09:28:22',1),('15','15774','SUSACON','2021-05-30 09:28:22',1),('15','15776','SUTAMARCHAN','2021-05-30 09:28:22',1),('15','15778','SUTATENZA','2021-05-30 09:28:22',1),('15','15790','TASCO','2021-05-30 09:28:22',1),('15','15798','TENZA','2021-05-30 09:28:22',1),('15','15804','TIBANA','2021-05-30 09:28:22',1),('15','15806','TIBASOSA','2021-05-30 09:28:22',1),('15','15808','TINJACA','2021-05-30 09:28:22',1),('15','15810','TIPACOQUE','2021-05-30 09:28:22',1),('15','15814','TOCA','2021-05-30 09:28:22',1),('15','15816','TOGsI','2021-05-30 09:28:22',1),('15','15820','TOPAGA','2021-05-30 09:28:22',1),('15','15822','TOTA','2021-05-30 09:28:22',1),('15','15832','TUNUNGUA','2021-05-30 09:28:22',1),('15','15835','TURMEQUE','2021-05-30 09:28:22',1),('15','15837','TUTA','2021-05-30 09:28:22',1),('15','15839','TUTAZA','2021-05-30 09:28:22',1),('15','15842','UMBITA','2021-05-30 09:28:22',1),('15','15861','VENTAQUEMADA','2021-05-30 09:28:22',1),('15','15879','VIRACACHA','2021-05-30 09:28:22',1),('15','15897','ZETAQUIRA','2021-05-30 09:28:22',1),('17','17001','MANIZALES','2021-05-30 09:28:22',1),('17','17013','AGUADAS','2021-05-30 09:28:22',1),('17','17042','ANSERMA','2021-05-30 09:28:22',1),('17','17050','ARANZAZU','2021-05-30 09:28:22',1),('17','17088','BELALCAZAR','2021-05-30 09:28:22',1),('17','17174','CHINCHINA','2021-05-30 09:28:22',1),('17','17272','FILADELFIA','2021-05-30 09:28:22',1),('17','17380','LA DORADA','2021-05-30 09:28:22',1),('17','17388','LA MERCED','2021-05-30 09:28:22',1),('17','17433','MANZANARES','2021-05-30 09:28:22',1),('17','17442','MARMATO','2021-05-30 09:28:22',1),('17','17444','MARQUETALIA','2021-05-30 09:28:22',1),('17','17446','MARULANDA','2021-05-30 09:28:22',1),('17','17486','NEIRA','2021-05-30 09:28:22',1),('17','17495','NORCASIA','2021-05-30 09:28:22',1),('17','17513','PACORA','2021-05-30 09:28:22',1),('17','17524','PALESTINA','2021-05-30 09:28:22',1),('17','17541','PENSILVANIA','2021-05-30 09:28:22',1),('17','17614','RIOSUCIO','2021-05-30 09:28:22',1),('17','17616','RISARALDA','2021-05-30 09:28:22',1),('17','17653','SALAMINA','2021-05-30 09:28:22',1),('17','17662','SAMANA','2021-05-30 09:28:22',1),('17','17665','SAN JOSE','2021-05-30 09:28:22',1),('17','17777','SUPIA','2021-05-30 09:28:22',1),('17','17867','VICTORIA','2021-05-30 09:28:22',1),('17','17873','VILLAMARIA','2021-05-30 09:28:22',1),('17','17877','VITERBO','2021-05-30 09:28:22',1),('18','18001','FLORENCIA','2021-05-30 09:28:22',1),('18','18029','ALBANIA','2021-05-30 09:28:22',1),('18','18094','BELEN DE LOS ANDAQUIES','2021-05-30 09:28:22',1),('18','18150','CARTAGENA DEL CHAIRA','2021-05-30 09:28:22',1),('18','18205','CURILLO','2021-05-30 09:28:22',1),('18','18247','EL DONCELLO','2021-05-30 09:28:22',1),('18','18256','EL PAUJIL','2021-05-30 09:28:22',1),('18','18410','LA MONTAÑITA','2021-05-30 09:28:22',1),('18','18460','MILAN','2021-05-30 09:28:22',1),('18','18479','MORELIA','2021-05-30 09:28:22',1),('18','18592','PUERTO RICO','2021-05-30 09:28:22',1),('18','18610','SAN JOSE DEL FRAGUA','2021-05-30 09:28:22',1),('18','18753','SAN VICENTE DEL CAGUAN','2021-05-30 09:28:22',1),('18','18756','SOLANO','2021-05-30 09:28:22',1),('18','18785','SOLITA','2021-05-30 09:28:22',1),('18','18860','VALPARAISO','2021-05-30 09:28:22',1),('19','19001','POPAYAN','2021-05-30 09:28:22',1),('19','19022','ALMAGUER','2021-05-30 09:28:22',1),('19','19050','ARGELIA','2021-05-30 09:28:22',1),('19','19075','BALBOA','2021-05-30 09:28:22',1),('19','19100','BOLIVAR','2021-05-30 09:28:22',1),('19','19110','BUENOS AIRES','2021-05-30 09:28:22',1),('19','19130','CAJIBIO','2021-05-30 09:28:22',1),('19','19137','CALDONO','2021-05-30 09:28:22',1),('19','19142','CALOTO','2021-05-30 09:28:22',1),('19','19212','CORINTO','2021-05-30 09:28:22',1),('19','19256','EL TAMBO','2021-05-30 09:28:22',1),('19','19290','FLORENCIA','2021-05-30 09:28:22',1),('19','19300','GUACHENE','2021-05-30 09:28:22',1),('19','19318','GUAPI','2021-05-30 09:28:22',1),('19','19355','INZA','2021-05-30 09:28:22',1),('19','19364','JAMBALO','2021-05-30 09:28:22',1),('19','19392','LA SIERRA','2021-05-30 09:28:22',1),('19','19397','LA VEGA','2021-05-30 09:28:22',1),('19','19418','LOPEZ','2021-05-30 09:28:22',1),('19','19450','MERCADERES','2021-05-30 09:28:22',1),('19','19455','MIRANDA','2021-05-30 09:28:22',1),('19','19473','MORALES','2021-05-30 09:28:22',1),('19','19513','PADILLA','2021-05-30 09:28:22',1),('19','19517','PAEZ','2021-05-30 09:28:22',1),('19','19532','PATIA','2021-05-30 09:28:22',1),('19','19533','PIAMONTE','2021-05-30 09:28:22',1),('19','19548','PIENDAMO','2021-05-30 09:28:22',1),('19','19573','PUERTO TEJADA','2021-05-30 09:28:22',1),('19','19585','PURACE','2021-05-30 09:28:22',1),('19','19622','ROSAS','2021-05-30 09:28:22',1),('19','19693','SAN SEBASTIAN','2021-05-30 09:28:22',1),('19','19698','SANTANDER DE QUILICHAO','2021-05-30 09:28:22',1),('19','19701','SANTA ROSA','2021-05-30 09:28:22',1),('19','19743','SILVIA','2021-05-30 09:28:22',1),('19','19760','SOTARA','2021-05-30 09:28:22',1),('19','19780','SUAREZ','2021-05-30 09:28:22',1),('19','19785','SUCRE','2021-05-30 09:28:22',1),('19','19807','TIMBIO','2021-05-30 09:28:22',1),('19','19809','TIMBIQUI','2021-05-30 09:28:22',1),('19','19821','TORIBIO','2021-05-30 09:28:22',1),('19','19824','TOTORO','2021-05-30 09:28:22',1),('19','19845','VILLA RICA','2021-05-30 09:28:22',1),('20','20001','VALLEDUPAR','2021-05-30 09:28:22',1),('20','20011','AGUACHICA','2021-05-30 09:28:22',1),('20','20013','AGUSTIN CODAZZI','2021-05-30 09:28:22',1),('20','20032','ASTREA','2021-05-30 09:28:22',1),('20','20045','BECERRIL','2021-05-30 09:28:22',1),('20','20060','BOSCONIA','2021-05-30 09:28:22',1),('20','20175','CHIMICHAGUA','2021-05-30 09:28:22',1),('20','20178','CHIRIGUANA','2021-05-30 09:28:22',1),('20','20228','CURUMANI','2021-05-30 09:28:22',1),('20','20238','EL COPEY','2021-05-30 09:28:22',1),('20','20250','EL PASO','2021-05-30 09:28:22',1),('20','20295','GAMARRA','2021-05-30 09:28:22',1),('20','20310','GONZALEZ','2021-05-30 09:28:22',1),('20','20383','LA GLORIA','2021-05-30 09:28:22',1),('20','20400','LA JAGUA DE IBIRICO','2021-05-30 09:28:22',1),('20','20443','MANAURE','2021-05-30 09:28:22',1),('20','20517','PAILITAS','2021-05-30 09:28:22',1),('20','20550','PELAYA','2021-05-30 09:28:22',1),('20','20570','PUEBLO BELLO','2021-05-30 09:28:22',1),('20','20614','RIO DE ORO','2021-05-30 09:28:22',1),('20','20621','LA PAZ','2021-05-30 09:28:22',1),('20','20710','SAN ALBERTO','2021-05-30 09:28:22',1),('20','20750','SAN DIEGO','2021-05-30 09:28:22',1),('20','20770','SAN MARTIN','2021-05-30 09:28:22',1),('20','20787','TAMALAMEQUE','2021-05-30 09:28:22',1),('23','23001','MONTERIA','2021-05-30 09:28:22',1),('23','23068','AYAPEL','2021-05-30 09:28:22',1),('23','23079','BUENAVISTA','2021-05-30 09:28:22',1),('23','23090','CANALETE','2021-05-30 09:28:22',1),('23','23162','CERETE','2021-05-30 09:28:22',1),('23','23168','CHIMA','2021-05-30 09:28:22',1),('23','23182','CHINU','2021-05-30 09:28:22',1),('23','23189','CIENAGA DE ORO','2021-05-30 09:28:22',1),('23','23300','COTORRA','2021-05-30 09:28:22',1),('23','23350','LA APARTADA','2021-05-30 09:28:22',1),('23','23417','LORICA','2021-05-30 09:28:22',1),('23','23419','LOS CORDOBAS','2021-05-30 09:28:22',1),('23','23464','MOMIL','2021-05-30 09:28:22',1),('23','23466','MONTELIBANO','2021-05-30 09:28:22',1),('23','23500','MOÑITOS','2021-05-30 09:28:22',1),('23','23555','PLANETA RICA','2021-05-30 09:28:22',1),('23','23570','PUEBLO NUEVO','2021-05-30 09:28:22',1),('23','23574','PUERTO ESCONDIDO','2021-05-30 09:28:22',1),('23','23580','PUERTO LIBERTADOR','2021-05-30 09:28:22',1),('23','23586','PURISIMA','2021-05-30 09:28:22',1),('23','23660','SAHAGUN','2021-05-30 09:28:22',1),('23','23670','SAN ANDRES SOTAVENTO','2021-05-30 09:28:22',1),('23','23672','SAN ANTERO','2021-05-30 09:28:22',1),('23','23675','SAN BERNARDO DEL VIENTO','2021-05-30 09:28:22',1),('23','23678','SAN CARLOS','2021-05-30 09:28:22',1),('23','23686','SAN PELAYO','2021-05-30 09:28:22',1),('23','23807','TIERRALTA','2021-05-30 09:28:22',1),('23','23855','VALENCIA','2021-05-30 09:28:22',1),('25','25001','AGUA DE DIOS','2021-05-30 09:28:22',1),('25','25019','ALBAN','2021-05-30 09:28:22',1),('25','25035','ANAPOIMA','2021-05-30 09:28:22',1),('25','25040','ANOLAIMA','2021-05-30 09:28:22',1),('25','25053','ARBELAEZ','2021-05-30 09:28:22',1),('25','25086','BELTRAN','2021-05-30 09:28:22',1),('25','25095','BITUIMA','2021-05-30 09:28:22',1),('25','25099','BOJACA','2021-05-30 09:28:22',1),('25','25120','CABRERA','2021-05-30 09:28:22',1),('25','25123','CACHIPAY','2021-05-30 09:28:22',1),('25','25126','CAJICA','2021-05-30 09:28:22',1),('25','25148','CAPARRAPI','2021-05-30 09:28:22',1),('25','25151','CAQUEZA','2021-05-30 09:28:22',1),('25','25154','CARMEN DE CARUPA','2021-05-30 09:28:22',1),('25','25168','CHAGUANI','2021-05-30 09:28:22',1),('25','25175','CHIA','2021-05-30 09:28:22',1),('25','25178','CHIPAQUE','2021-05-30 09:28:22',1),('25','25181','CHOACHI','2021-05-30 09:28:22',1),('25','25183','CHOCONTA','2021-05-30 09:28:22',1),('25','25200','COGUA','2021-05-30 09:28:22',1),('25','25214','COTA','2021-05-30 09:28:22',1),('25','25224','CUCUNUBA','2021-05-30 09:28:22',1),('25','25245','EL COLEGIO','2021-05-30 09:28:22',1),('25','25258','EL PEÑON','2021-05-30 09:28:22',1),('25','25260','EL ROSAL','2021-05-30 09:28:22',1),('25','25269','FACATATIVA','2021-05-30 09:28:22',1),('25','25279','FOMEQUE','2021-05-30 09:28:22',1),('25','25281','FOSCA','2021-05-30 09:28:22',1),('25','25286','FUNZA','2021-05-30 09:28:22',1),('25','25288','FUQUENE','2021-05-30 09:28:22',1),('25','25290','FUSAGASUGA','2021-05-30 09:28:22',1),('25','25293','GACHALA','2021-05-30 09:28:22',1),('25','25295','GACHANCIPA','2021-05-30 09:28:22',1),('25','25297','GACHETA','2021-05-30 09:28:22',1),('25','25299','GAMA','2021-05-30 09:28:22',1),('25','25307','GIRARDOT','2021-05-30 09:28:22',1),('25','25312','GRANADA','2021-05-30 09:28:22',1),('25','25317','GUACHETA','2021-05-30 09:28:22',1),('25','25320','GUADUAS','2021-05-30 09:28:22',1),('25','25322','GUASCA','2021-05-30 09:28:22',1),('25','25324','GUATAQUI','2021-05-30 09:28:22',1),('25','25326','GUATAVITA','2021-05-30 09:28:22',1),('25','25328','GUAYABAL DE SIQUIMA','2021-05-30 09:28:22',1),('25','25335','GUAYABETAL','2021-05-30 09:28:22',1),('25','25339','GUTIERREZ','2021-05-30 09:28:22',1),('25','25368','JERUSALEN','2021-05-30 09:28:22',1),('25','25372','JUNIN','2021-05-30 09:28:22',1),('25','25377','LA CALERA','2021-05-30 09:28:22',1),('25','25386','LA MESA','2021-05-30 09:28:22',1),('25','25394','LA PALMA','2021-05-30 09:28:22',1),('25','25398','LA PEÑA','2021-05-30 09:28:22',1),('25','25402','LA VEGA','2021-05-30 09:28:22',1),('25','25407','LENGUAZAQUE','2021-05-30 09:28:22',1),('25','25426','MACHETA','2021-05-30 09:28:22',1),('25','25430','MADRID','2021-05-30 09:28:22',1),('25','25436','MANTA','2021-05-30 09:28:22',1),('25','25438','MEDINA','2021-05-30 09:28:22',1),('25','25473','MOSQUERA','2021-05-30 09:28:22',1),('25','25483','NARIÑO','2021-05-30 09:28:22',1),('25','25486','NEMOCON','2021-05-30 09:28:22',1),('25','25488','NILO','2021-05-30 09:28:22',1),('25','25489','NIMAIMA','2021-05-30 09:28:22',1),('25','25491','NOCAIMA','2021-05-30 09:28:22',1),('25','25506','VENECIA','2021-05-30 09:28:22',1),('25','25513','PACHO','2021-05-30 09:28:22',1),('25','25518','PAIME','2021-05-30 09:28:22',1),('25','25524','PANDI','2021-05-30 09:28:22',1),('25','25530','PARATEBUENO','2021-05-30 09:28:22',1),('25','25535','PASCA','2021-05-30 09:28:22',1),('25','25572','PUERTO SALGAR','2021-05-30 09:28:22',1),('25','25580','PULI','2021-05-30 09:28:22',1),('25','25592','QUEBRADANEGRA','2021-05-30 09:28:22',1),('25','25594','QUETAME','2021-05-30 09:28:22',1),('25','25596','QUIPILE','2021-05-30 09:28:22',1),('25','25599','APULO','2021-05-30 09:28:22',1),('25','25612','RICAURTE','2021-05-30 09:28:22',1),('25','25645','SAN ANTONIO DEL TEQUENDAMA','2021-05-30 09:28:22',1),('25','25649','SAN BERNARDO','2021-05-30 09:28:22',1),('25','25653','SAN CAYETANO','2021-05-30 09:28:22',1),('25','25658','SAN FRANCISCO','2021-05-30 09:28:22',1),('25','25662','SAN JUAN DE RIO SECO','2021-05-30 09:28:22',1),('25','25718','SASAIMA','2021-05-30 09:28:22',1),('25','25736','SESQUILE','2021-05-30 09:28:22',1),('25','25740','SIBATE','2021-05-30 09:28:22',1),('25','25743','SILVANIA','2021-05-30 09:28:22',1),('25','25745','SIMIJACA','2021-05-30 09:28:22',1),('25','25754','SOACHA','2021-05-30 09:28:22',1),('25','25758','SOPO','2021-05-30 09:28:22',1),('25','25769','SUBACHOQUE','2021-05-30 09:28:22',1),('25','25772','SUESCA','2021-05-30 09:28:22',1),('25','25777','SUPATA','2021-05-30 09:28:22',1),('25','25779','SUSA','2021-05-30 09:28:22',1),('25','25781','SUTATAUSA','2021-05-30 09:28:22',1),('25','25785','TABIO','2021-05-30 09:28:22',1),('25','25793','TAUSA','2021-05-30 09:28:22',1),('25','25797','TENA','2021-05-30 09:28:22',1),('25','25799','TENJO','2021-05-30 09:28:22',1),('25','25805','TIBACUY','2021-05-30 09:28:22',1),('25','25807','TIBIRITA','2021-05-30 09:28:22',1),('25','25815','TOCAIMA','2021-05-30 09:28:22',1),('25','25817','TOCANCIPA','2021-05-30 09:28:22',1),('25','25823','TOPAIPI','2021-05-30 09:28:22',1),('25','25839','UBALA','2021-05-30 09:28:22',1),('25','25841','UBAQUE','2021-05-30 09:28:22',1),('25','25843','VILLA DE SAN DIEGO DE UBATE','2021-05-30 09:28:22',1),('25','25845','UNE','2021-05-30 09:28:22',1),('25','25851','UTICA','2021-05-30 09:28:22',1),('25','25862','VERGARA','2021-05-30 09:28:22',1),('25','25867','VIANI','2021-05-30 09:28:22',1),('25','25871','VILLAGOMEZ','2021-05-30 09:28:22',1),('25','25873','VILLAPINZON','2021-05-30 09:28:22',1),('25','25875','VILLETA','2021-05-30 09:28:22',1),('25','25878','VIOTA','2021-05-30 09:28:22',1),('25','25885','YACOPI','2021-05-30 09:28:22',1),('25','25898','ZIPACON','2021-05-30 09:28:22',1),('25','25899','ZIPAQUIRA','2021-05-30 09:28:22',1),('27','27001','QUIBDO','2021-05-30 09:28:22',1),('27','27006','ACANDI','2021-05-30 09:28:22',1),('27','27025','ALTO BAUDO','2021-05-30 09:28:22',1),('27','27050','ATRATO','2021-05-30 09:28:22',1),('27','27073','BAGADO','2021-05-30 09:28:22',1),('27','27075','BAHIA SOLANO','2021-05-30 09:28:22',1),('27','27077','BAJO BAUDO','2021-05-30 09:28:22',1),('27','27099','BOJAYA','2021-05-30 09:28:22',1),('27','27135','EL CANTON DEL SAN PABLO','2021-05-30 09:28:22',1),('27','27150','CARMEN DEL DARIEN','2021-05-30 09:28:22',1),('27','27160','CERTEGUI','2021-05-30 09:28:22',1),('27','27205','CONDOTO','2021-05-30 09:28:22',1),('27','27245','EL CARMEN DE ATRATO','2021-05-30 09:28:22',1),('27','27250','EL LITORAL DEL SAN JUAN','2021-05-30 09:28:22',1),('27','27361','ISTMINA','2021-05-30 09:28:22',1),('27','27372','JURADO','2021-05-30 09:28:22',1),('27','27413','LLORO','2021-05-30 09:28:22',1),('27','27425','MEDIO ATRATO','2021-05-30 09:28:22',1),('27','27430','MEDIO BAUDO','2021-05-30 09:28:22',1),('27','27450','MEDIO SAN JUAN','2021-05-30 09:28:22',1),('27','27491','NOVITA','2021-05-30 09:28:22',1),('27','27495','NUQUI','2021-05-30 09:28:22',1),('27','27580','RIO IRO','2021-05-30 09:28:22',1),('27','27600','RIO QUITO','2021-05-30 09:28:22',1),('27','27615','RIOSUCIO','2021-05-30 09:28:22',1),('27','27660','SAN JOSE DEL PALMAR','2021-05-30 09:28:22',1),('27','27745','SIPI','2021-05-30 09:28:22',1),('27','27787','TADO','2021-05-30 09:28:22',1),('27','27800','UNGUIA','2021-05-30 09:28:22',1),('27','27810','UNION PANAMERICANA','2021-05-30 09:28:22',1),('41','41001','NEIVA','2021-05-30 09:28:22',1),('41','41006','ACEVEDO','2021-05-30 09:28:22',1),('41','41013','AGRADO','2021-05-30 09:28:22',1),('41','41016','AIPE','2021-05-30 09:28:22',1),('41','41020','ALGECIRAS','2021-05-30 09:28:22',1),('41','41026','ALTAMIRA','2021-05-30 09:28:22',1),('41','41078','BARAYA','2021-05-30 09:28:22',1),('41','41132','CAMPOALEGRE','2021-05-30 09:28:22',1),('41','41206','COLOMBIA','2021-05-30 09:28:22',1),('41','41244','ELIAS','2021-05-30 09:28:22',1),('41','41298','GARZON','2021-05-30 09:28:22',1),('41','41306','GIGANTE','2021-05-30 09:28:22',1),('41','41319','GUADALUPE','2021-05-30 09:28:22',1),('41','41349','HOBO','2021-05-30 09:28:22',1),('41','41357','IQUIRA','2021-05-30 09:28:22',1),('41','41359','ISNOS','2021-05-30 09:28:22',1),('41','41378','LA ARGENTINA','2021-05-30 09:28:22',1),('41','41396','LA PLATA','2021-05-30 09:28:22',1),('41','41483','NATAGA','2021-05-30 09:28:22',1),('41','41503','OPORAPA','2021-05-30 09:28:22',1),('41','41518','PAICOL','2021-05-30 09:28:22',1),('41','41524','PALERMO','2021-05-30 09:28:22',1),('41','41530','PALESTINA','2021-05-30 09:28:22',1),('41','41548','PITAL','2021-05-30 09:28:22',1),('41','41551','PITALITO','2021-05-30 09:28:22',1),('41','41615','RIVERA','2021-05-30 09:28:22',1),('41','41660','SALADOBLANCO','2021-05-30 09:28:22',1),('41','41668','SAN AGUSTIN','2021-05-30 09:28:22',1),('41','41676','SANTA MARIA','2021-05-30 09:28:22',1),('41','41770','SUAZA','2021-05-30 09:28:22',1),('41','41791','TARQUI','2021-05-30 09:28:22',1),('41','41797','TESALIA','2021-05-30 09:28:22',1),('41','41799','TELLO','2021-05-30 09:28:22',1),('41','41801','TERUEL','2021-05-30 09:28:22',1),('41','41807','TIMANA','2021-05-30 09:28:22',1),('41','41872','VILLAVIEJA','2021-05-30 09:28:22',1),('41','41885','YAGUARA','2021-05-30 09:28:22',1),('44','44001','RIOHACHA','2021-05-30 09:28:22',1),('44','44035','ALBANIA','2021-05-30 09:28:22',1),('44','44078','BARRANCAS','2021-05-30 09:28:22',1),('44','44090','DIBULLA','2021-05-30 09:28:22',1),('44','44098','DISTRACCION','2021-05-30 09:28:22',1),('44','44110','EL MOLINO','2021-05-30 09:28:22',1),('44','44279','FONSECA','2021-05-30 09:28:22',1),('44','44378','HATONUEVO','2021-05-30 09:28:22',1),('44','44420','LA JAGUA DEL PILAR','2021-05-30 09:28:22',1),('44','44430','MAICAO','2021-05-30 09:28:22',1),('44','44560','MANAURE','2021-05-30 09:28:22',1),('44','44650','SAN JUAN DEL CESAR','2021-05-30 09:28:22',1),('44','44847','URIBIA','2021-05-30 09:28:22',1),('44','44855','URUMITA','2021-05-30 09:28:22',1),('44','44874','VILLANUEVA','2021-05-30 09:28:22',1),('47','47001','SANTA MARTA','2021-05-30 09:28:22',1),('47','47030','ALGARROBO','2021-05-30 09:28:22',1),('47','47053','ARACATACA','2021-05-30 09:28:22',1),('47','47058','ARIGUANI','2021-05-30 09:28:22',1),('47','47161','CERRO SAN ANTONIO','2021-05-30 09:28:22',1),('47','47170','CHIBOLO','2021-05-30 09:28:22',1),('47','47189','CIENAGA','2021-05-30 09:28:22',1),('47','47205','CONCORDIA','2021-05-30 09:28:22',1),('47','47245','EL BANCO','2021-05-30 09:28:22',1),('47','47258','EL PIÑON','2021-05-30 09:28:22',1),('47','47268','EL RETEN','2021-05-30 09:28:22',1),('47','47288','FUNDACION','2021-05-30 09:28:22',1),('47','47318','GUAMAL','2021-05-30 09:28:22',1),('47','47460','NUEVA GRANADA','2021-05-30 09:28:22',1),('47','47541','PEDRAZA','2021-05-30 09:28:22',1),('47','47545','PIJIÑO DEL CARMEN','2021-05-30 09:28:22',1),('47','47551','PIVIJAY','2021-05-30 09:28:22',1),('47','47555','PLATO','2021-05-30 09:28:22',1),('47','47570','PUEBLOVIEJO','2021-05-30 09:28:22',1),('47','47605','REMOLINO','2021-05-30 09:28:22',1),('47','47660','SABANAS DE SAN ANGEL','2021-05-30 09:28:22',1),('47','47675','SALAMINA','2021-05-30 09:28:22',1),('47','47692','SAN SEBASTIAN DE BUENAVISTA','2021-05-30 09:28:22',1),('47','47703','SAN ZENON','2021-05-30 09:28:22',1),('47','47707','SANTA ANA','2021-05-30 09:28:22',1),('47','47720','SANTA BARBARA DE PINTO','2021-05-30 09:28:22',1),('47','47745','SITIONUEVO','2021-05-30 09:28:22',1),('47','47798','TENERIFE','2021-05-30 09:28:22',1),('47','47960','ZAPAYAN','2021-05-30 09:28:22',1),('47','47980','ZONA BANANERA','2021-05-30 09:28:22',1),('50','50001','VILLAVICENCIO','2021-05-30 09:28:22',1),('50','50006','ACACIAS','2021-05-30 09:28:22',1),('50','50110','BARRANCA DE UPIA','2021-05-30 09:28:22',1),('50','50124','CABUYARO','2021-05-30 09:28:22',1),('50','50150','CASTILLA LA NUEVA','2021-05-30 09:28:22',1),('50','50223','CUBARRAL','2021-05-30 09:28:22',1),('50','50226','CUMARAL','2021-05-30 09:28:22',1),('50','50245','EL CALVARIO','2021-05-30 09:28:22',1),('50','50251','EL CASTILLO','2021-05-30 09:28:22',1),('50','50270','EL DORADO','2021-05-30 09:28:22',1),('50','50287','FUENTE DE ORO','2021-05-30 09:28:22',1),('50','50313','GRANADA','2021-05-30 09:28:22',1),('50','50318','GUAMAL','2021-05-30 09:28:22',1),('50','50325','MAPIRIPAN','2021-05-30 09:28:22',1),('50','50330','MESETAS','2021-05-30 09:28:22',1),('50','50350','LA MACARENA','2021-05-30 09:28:22',1),('50','50370','URIBE','2021-05-30 09:28:22',1),('50','50400','LEJANIAS','2021-05-30 09:28:22',1),('50','50450','PUERTO CONCORDIA','2021-05-30 09:28:22',1),('50','50568','PUERTO GAITAN','2021-05-30 09:28:22',1),('50','50573','PUERTO LOPEZ','2021-05-30 09:28:22',1),('50','50577','PUERTO LLERAS','2021-05-30 09:28:22',1),('50','50590','PUERTO RICO','2021-05-30 09:28:22',1),('50','50606','RESTREPO','2021-05-30 09:28:22',1),('50','50680','SAN CARLOS DE GUAROA','2021-05-30 09:28:22',1),('50','50683','SAN JUAN DE ARAMA','2021-05-30 09:28:22',1),('50','50686','SAN JUANITO','2021-05-30 09:28:22',1),('50','50689','SAN MARTIN','2021-05-30 09:28:22',1),('50','50711','VISTAHERMOSA','2021-05-30 09:28:22',1),('52','52001','PASTO','2021-05-30 09:28:22',1),('52','52019','ALBAN','2021-05-30 09:28:22',1),('52','52022','ALDANA','2021-05-30 09:28:22',1),('52','52036','ANCUYA','2021-05-30 09:28:22',1),('52','52051','ARBOLEDA','2021-05-30 09:28:22',1),('52','52079','BARBACOAS','2021-05-30 09:28:22',1),('52','52083','BELEN','2021-05-30 09:28:22',1),('52','52110','BUESACO','2021-05-30 09:28:22',1),('52','52203','COLON','2021-05-30 09:28:22',1),('52','52207','CONSACA','2021-05-30 09:28:22',1),('52','52210','CONTADERO','2021-05-30 09:28:22',1),('52','52215','CORDOBA','2021-05-30 09:28:22',1),('52','52224','CUASPUD','2021-05-30 09:28:22',1),('52','52227','CUMBAL','2021-05-30 09:28:22',1),('52','52233','CUMBITARA','2021-05-30 09:28:22',1),('52','52240','CHACHAGsI','2021-05-30 09:28:22',1),('52','52250','EL CHARCO','2021-05-30 09:28:22',1),('52','52254','EL PEÑOL','2021-05-30 09:28:22',1),('52','52256','EL ROSARIO','2021-05-30 09:28:22',1),('52','52258','EL TABLON DE GOMEZ','2021-05-30 09:28:22',1),('52','52260','EL TAMBO','2021-05-30 09:28:22',1),('52','52287','FUNES','2021-05-30 09:28:22',1),('52','52317','GUACHUCAL','2021-05-30 09:28:22',1),('52','52320','GUAITARILLA','2021-05-30 09:28:22',1),('52','52323','GUALMATAN','2021-05-30 09:28:22',1),('52','52352','ILES','2021-05-30 09:28:22',1),('52','52354','IMUES','2021-05-30 09:28:22',1),('52','52356','IPIALES','2021-05-30 09:28:22',1),('52','52378','LA CRUZ','2021-05-30 09:28:22',1),('52','52381','LA FLORIDA','2021-05-30 09:28:22',1),('52','52385','LA LLANADA','2021-05-30 09:28:22',1),('52','52390','LA TOLA','2021-05-30 09:28:22',1),('52','52399','LA UNION','2021-05-30 09:28:22',1),('52','52405','LEIVA','2021-05-30 09:28:22',1),('52','52411','LINARES','2021-05-30 09:28:22',1),('52','52418','LOS ANDES','2021-05-30 09:28:22',1),('52','52427','MAGsI','2021-05-30 09:28:22',1),('52','52435','MALLAMA','2021-05-30 09:28:22',1),('52','52473','MOSQUERA','2021-05-30 09:28:22',1),('52','52480','NARIÑO','2021-05-30 09:28:22',1),('52','52490','OLAYA HERRERA','2021-05-30 09:28:22',1),('52','52506','OSPINA','2021-05-30 09:28:22',1),('52','52520','FRANCISCO PIZARRO','2021-05-30 09:28:22',1),('52','52540','POLICARPA','2021-05-30 09:28:22',1),('52','52560','POTOSI','2021-05-30 09:28:22',1),('52','52565','PROVIDENCIA','2021-05-30 09:28:22',1),('52','52573','PUERRES','2021-05-30 09:28:22',1),('52','52585','PUPIALES','2021-05-30 09:28:22',1),('52','52612','RICAURTE','2021-05-30 09:28:22',1),('52','52621','ROBERTO PAYAN','2021-05-30 09:28:22',1),('52','52678','SAMANIEGO','2021-05-30 09:28:22',1),('52','52683','SANDONA','2021-05-30 09:28:22',1),('52','52685','SAN BERNARDO','2021-05-30 09:28:22',1),('52','52687','SAN LORENZO','2021-05-30 09:28:22',1),('52','52693','SAN PABLO','2021-05-30 09:28:22',1),('52','52694','SAN PEDRO DE CARTAGO','2021-05-30 09:28:22',1),('52','52696','SANTA BARBARA','2021-05-30 09:28:22',1),('52','52699','SANTACRUZ','2021-05-30 09:28:22',1),('52','52720','SAPUYES','2021-05-30 09:28:22',1),('52','52786','TAMINANGO','2021-05-30 09:28:22',1),('52','52788','TANGUA','2021-05-30 09:28:22',1),('52','52835','SAN ANDRES DE TUMACO','2021-05-30 09:28:22',1),('52','52838','TUQUERRES','2021-05-30 09:28:22',1),('52','52885','YACUANQUER','2021-05-30 09:28:22',1),('54','54001','CUCUTA','2021-05-30 09:28:22',1),('54','54003','ABREGO','2021-05-30 09:28:22',1),('54','54051','ARBOLEDAS','2021-05-30 09:28:22',1),('54','54099','BOCHALEMA','2021-05-30 09:28:22',1),('54','54109','BUCARASICA','2021-05-30 09:28:22',1),('54','54125','CACOTA','2021-05-30 09:28:22',1),('54','54128','CACHIRA','2021-05-30 09:28:22',1),('54','54172','CHINACOTA','2021-05-30 09:28:22',1),('54','54174','CHITAGA','2021-05-30 09:28:22',1),('54','54206','CONVENCION','2021-05-30 09:28:22',1),('54','54223','CUCUTILLA','2021-05-30 09:28:22',1),('54','54239','DURANIA','2021-05-30 09:28:22',1),('54','54245','EL CARMEN','2021-05-30 09:28:22',1),('54','54250','EL TARRA','2021-05-30 09:28:22',1),('54','54261','EL ZULIA','2021-05-30 09:28:22',1),('54','54313','GRAMALOTE','2021-05-30 09:28:22',1),('54','54344','HACARI','2021-05-30 09:28:22',1),('54','54347','HERRAN','2021-05-30 09:28:22',1),('54','54377','LABATECA','2021-05-30 09:28:22',1),('54','54385','LA ESPERANZA','2021-05-30 09:28:22',1),('54','54398','LA PLAYA','2021-05-30 09:28:22',1),('54','54405','LOS PATIOS','2021-05-30 09:28:22',1),('54','54418','LOURDES','2021-05-30 09:28:22',1),('54','54480','MUTISCUA','2021-05-30 09:28:22',1),('54','54498','OCAÑA','2021-05-30 09:28:22',1),('54','54518','PAMPLONA','2021-05-30 09:28:22',1),('54','54520','PAMPLONITA','2021-05-30 09:28:22',1),('54','54553','PUERTO SANTANDER','2021-05-30 09:28:22',1),('54','54599','RAGONVALIA','2021-05-30 09:28:22',1),('54','54660','SALAZAR','2021-05-30 09:28:22',1),('54','54670','SAN CALIXTO','2021-05-30 09:28:22',1),('54','54673','SAN CAYETANO','2021-05-30 09:28:22',1),('54','54680','SANTIAGO','2021-05-30 09:28:22',1),('54','54720','SARDINATA','2021-05-30 09:28:22',1),('54','54743','SILOS','2021-05-30 09:28:22',1),('54','54800','TEORAMA','2021-05-30 09:28:22',1),('54','54810','TIBU','2021-05-30 09:28:22',1),('54','54820','TOLEDO','2021-05-30 09:28:22',1),('54','54871','VILLA CARO','2021-05-30 09:28:22',1),('54','54874','VILLA DEL ROSARIO','2021-05-30 09:28:22',1),('63','63001','ARMENIA','2021-05-30 09:28:22',1),('63','63111','BUENAVISTA','2021-05-30 09:28:22',1),('63','63130','CALARCA','2021-05-30 09:28:22',1),('63','63190','CIRCASIA','2021-05-30 09:28:22',1),('63','63212','CORDOBA','2021-05-30 09:28:22',1),('63','63272','FILANDIA','2021-05-30 09:28:22',1),('63','63302','GENOVA','2021-05-30 09:28:22',1),('63','63401','LA TEBAIDA','2021-05-30 09:28:22',1),('63','63470','MONTENEGRO','2021-05-30 09:28:22',1),('63','63548','PIJAO','2021-05-30 09:28:22',1),('63','63594','QUIMBAYA','2021-05-30 09:28:22',1),('63','63690','SALENTO','2021-05-30 09:28:22',1),('66','66001','PEREIRA','2021-05-30 09:28:22',1),('66','66045','APIA','2021-05-30 09:28:22',1),('66','66075','BALBOA','2021-05-30 09:28:22',1),('66','66088','BELEN DE UMBRIA','2021-05-30 09:28:22',1),('66','66170','DOSQUEBRADAS','2021-05-30 09:28:22',1),('66','66318','GUATICA','2021-05-30 09:28:22',1),('66','66383','LA CELIA','2021-05-30 09:28:22',1),('66','66400','LA VIRGINIA','2021-05-30 09:28:22',1),('66','66440','MARSELLA','2021-05-30 09:28:22',1),('66','66456','MISTRATO','2021-05-30 09:28:22',1),('66','66572','PUEBLO RICO','2021-05-30 09:28:22',1),('66','66594','QUINCHIA','2021-05-30 09:28:22',1),('66','66682','SANTA ROSA DE CABAL','2021-05-30 09:28:22',1),('66','66687','SANTUARIO','2021-05-30 09:28:22',1),('68','68001','BUCARAMANGA','2021-05-30 09:28:22',1),('68','68013','AGUADA','2021-05-30 09:28:22',1),('68','68020','ALBANIA','2021-05-30 09:28:22',1),('68','68051','ARATOCA','2021-05-30 09:28:22',1),('68','68077','BARBOSA','2021-05-30 09:28:22',1),('68','68079','BARICHARA','2021-05-30 09:28:22',1),('68','68081','BARRANCABERMEJA','2021-05-30 09:28:22',1),('68','68092','BETULIA','2021-05-30 09:28:22',1),('68','68101','BOLIVAR','2021-05-30 09:28:22',1),('68','68121','CABRERA','2021-05-30 09:28:22',1),('68','68132','CALIFORNIA','2021-05-30 09:28:22',1),('68','68147','CAPITANEJO','2021-05-30 09:28:22',1),('68','68152','CARCASI','2021-05-30 09:28:22',1),('68','68160','CEPITA','2021-05-30 09:28:22',1),('68','68162','CERRITO','2021-05-30 09:28:22',1),('68','68167','CHARALA','2021-05-30 09:28:22',1),('68','68169','CHARTA','2021-05-30 09:28:22',1),('68','68176','CHIMA','2021-05-30 09:28:22',1),('68','68179','CHIPATA','2021-05-30 09:28:22',1),('68','68190','CIMITARRA','2021-05-30 09:28:22',1),('68','68207','CONCEPCION','2021-05-30 09:28:22',1),('68','68209','CONFINES','2021-05-30 09:28:22',1),('68','68211','CONTRATACION','2021-05-30 09:28:22',1),('68','68217','COROMORO','2021-05-30 09:28:22',1),('68','68229','CURITI','2021-05-30 09:28:22',1),('68','68235','EL CARMEN DE CHUCURI','2021-05-30 09:28:22',1),('68','68245','EL GUACAMAYO','2021-05-30 09:28:22',1),('68','68250','EL PEÑON','2021-05-30 09:28:22',1),('68','68255','EL PLAYON','2021-05-30 09:28:22',1),('68','68264','ENCINO','2021-05-30 09:28:22',1),('68','68266','ENCISO','2021-05-30 09:28:22',1),('68','68271','FLORIAN','2021-05-30 09:28:22',1),('68','68276','FLORIDABLANCA','2021-05-30 09:28:22',1),('68','68296','GALAN','2021-05-30 09:28:22',1),('68','68298','GAMBITA','2021-05-30 09:28:22',1),('68','68307','GIRON','2021-05-30 09:28:22',1),('68','68318','GUACA','2021-05-30 09:28:22',1),('68','68320','GUADALUPE','2021-05-30 09:28:22',1),('68','68322','GUAPOTA','2021-05-30 09:28:22',1),('68','68324','GUAVATA','2021-05-30 09:28:22',1),('68','68327','GsEPSA','2021-05-30 09:28:22',1),('68','68344','HATO','2021-05-30 09:28:22',1),('68','68368','JESUS MARIA','2021-05-30 09:28:22',1),('68','68370','JORDAN','2021-05-30 09:28:22',1),('68','68377','LA BELLEZA','2021-05-30 09:28:22',1),('68','68385','LANDAZURI','2021-05-30 09:28:22',1),('68','68397','LA PAZ','2021-05-30 09:28:22',1),('68','68406','LEBRIJA','2021-05-30 09:28:22',1),('68','68418','LOS SANTOS','2021-05-30 09:28:22',1),('68','68425','MACARAVITA','2021-05-30 09:28:22',1),('68','68432','MALAGA','2021-05-30 09:28:22',1),('68','68444','MATANZA','2021-05-30 09:28:22',1),('68','68464','MOGOTES','2021-05-30 09:28:22',1),('68','68468','MOLAGAVITA','2021-05-30 09:28:22',1),('68','68498','OCAMONTE','2021-05-30 09:28:22',1),('68','68500','OIBA','2021-05-30 09:28:22',1),('68','68502','ONZAGA','2021-05-30 09:28:22',1),('68','68522','PALMAR','2021-05-30 09:28:22',1),('68','68524','PALMAS DEL SOCORRO','2021-05-30 09:28:22',1),('68','68533','PARAMO','2021-05-30 09:28:22',1),('68','68547','PIEDECUESTA','2021-05-30 09:28:22',1),('68','68549','PINCHOTE','2021-05-30 09:28:22',1),('68','68572','PUENTE NACIONAL','2021-05-30 09:28:22',1),('68','68573','PUERTO PARRA','2021-05-30 09:28:22',1),('68','68575','PUERTO WILCHES','2021-05-30 09:28:22',1),('68','68615','RIONEGRO','2021-05-30 09:28:22',1),('68','68655','SABANA DE TORRES','2021-05-30 09:28:22',1),('68','68669','SAN ANDRES','2021-05-30 09:28:22',1),('68','68673','SAN BENITO','2021-05-30 09:28:22',1),('68','68679','SAN GIL','2021-05-30 09:28:22',1),('68','68682','SAN JOAQUIN','2021-05-30 09:28:22',1),('68','68684','SAN JOSE DE MIRANDA','2021-05-30 09:28:22',1),('68','68686','SAN MIGUEL','2021-05-30 09:28:22',1),('68','68689','SAN VICENTE DE CHUCURI','2021-05-30 09:28:22',1),('68','68705','SANTA BARBARA','2021-05-30 09:28:22',1),('68','68720','SANTA HELENA DEL OPON','2021-05-30 09:28:22',1),('68','68745','SIMACOTA','2021-05-30 09:28:22',1),('68','68755','SOCORRO','2021-05-30 09:28:22',1),('68','68770','SUAITA','2021-05-30 09:28:22',1),('68','68773','SUCRE','2021-05-30 09:28:22',1),('68','68780','SURATA','2021-05-30 09:28:22',1),('68','68820','TONA','2021-05-30 09:28:22',1),('68','68855','VALLE DE SAN JOSE','2021-05-30 09:28:22',1),('68','68861','VELEZ','2021-05-30 09:28:22',1),('68','68867','VETAS','2021-05-30 09:28:22',1),('68','68872','VILLANUEVA','2021-05-30 09:28:22',1),('68','68895','ZAPATOCA','2021-05-30 09:28:22',1),('70','70001','SINCELEJO','2021-05-30 09:28:22',1),('70','70110','BUENAVISTA','2021-05-30 09:28:22',1),('70','70124','CAIMITO','2021-05-30 09:28:22',1),('70','70204','COLOSO','2021-05-30 09:28:22',1),('70','70215','COROZAL','2021-05-30 09:28:22',1),('70','70221','COVEÑAS','2021-05-30 09:28:22',1),('70','70230','CHALAN','2021-05-30 09:28:22',1),('70','70233','EL ROBLE','2021-05-30 09:28:22',1),('70','70235','GALERAS','2021-05-30 09:28:22',1),('70','70265','GUARANDA','2021-05-30 09:28:22',1),('70','70400','LA UNION','2021-05-30 09:28:22',1),('70','70418','LOS PALMITOS','2021-05-30 09:28:22',1),('70','70429','MAJAGUAL','2021-05-30 09:28:22',1),('70','70473','MORROA','2021-05-30 09:28:22',1),('70','70508','OVEJAS','2021-05-30 09:28:22',1),('70','70523','PALMITO','2021-05-30 09:28:22',1),('70','70670','SAMPUES','2021-05-30 09:28:22',1),('70','70678','SAN BENITO ABAD','2021-05-30 09:28:22',1),('70','70702','SAN JUAN DE BETULIA','2021-05-30 09:28:22',1),('70','70708','SAN MARCOS','2021-05-30 09:28:22',1),('70','70713','SAN ONOFRE','2021-05-30 09:28:22',1),('70','70717','SAN PEDRO','2021-05-30 09:28:22',1),('70','70742','SAN LUIS DE SINCE','2021-05-30 09:28:22',1),('70','70771','SUCRE','2021-05-30 09:28:22',1),('70','70820','SANTIAGO DE TOLU','2021-05-30 09:28:22',1),('70','70823','TOLU VIEJO','2021-05-30 09:28:22',1),('73','73001','IBAGUE','2021-05-30 09:28:22',1),('73','73024','ALPUJARRA','2021-05-30 09:28:22',1),('73','73026','ALVARADO','2021-05-30 09:28:22',1),('73','73030','AMBALEMA','2021-05-30 09:28:22',1),('73','73043','ANZOATEGUI','2021-05-30 09:28:22',1),('73','73055','ARMERO','2021-05-30 09:28:22',1),('73','73067','ATACO','2021-05-30 09:28:22',1),('73','73124','CAJAMARCA','2021-05-30 09:28:22',1),('73','73148','CARMEN DE APICALA','2021-05-30 09:28:22',1),('73','73152','CASABIANCA','2021-05-30 09:28:22',1),('73','73168','CHAPARRAL','2021-05-30 09:28:22',1),('73','73200','COELLO','2021-05-30 09:28:22',1),('73','73217','COYAIMA','2021-05-30 09:28:22',1),('73','73226','CUNDAY','2021-05-30 09:28:22',1),('73','73236','DOLORES','2021-05-30 09:28:22',1),('73','73268','ESPINAL','2021-05-30 09:28:22',1),('73','73270','FALAN','2021-05-30 09:28:22',1),('73','73275','FLANDES','2021-05-30 09:28:22',1),('73','73283','FRESNO','2021-05-30 09:28:22',1),('73','73319','GUAMO','2021-05-30 09:28:22',1),('73','73347','HERVEO','2021-05-30 09:28:22',1),('73','73349','HONDA','2021-05-30 09:28:22',1),('73','73352','ICONONZO','2021-05-30 09:28:22',1),('73','73408','LERIDA','2021-05-30 09:28:22',1),('73','73411','LIBANO','2021-05-30 09:28:22',1),('73','73443','MARIQUITA','2021-05-30 09:28:22',1),('73','73449','MELGAR','2021-05-30 09:28:22',1),('73','73461','MURILLO','2021-05-30 09:28:22',1),('73','73483','NATAGAIMA','2021-05-30 09:28:22',1),('73','73504','ORTEGA','2021-05-30 09:28:22',1),('73','73520','PALOCABILDO','2021-05-30 09:28:22',1),('73','73547','PIEDRAS','2021-05-30 09:28:22',1),('73','73555','PLANADAS','2021-05-30 09:28:22',1),('73','73563','PRADO','2021-05-30 09:28:22',1),('73','73585','PURIFICACION','2021-05-30 09:28:22',1),('73','73616','RIOBLANCO','2021-05-30 09:28:22',1),('73','73622','RONCESVALLES','2021-05-30 09:28:22',1),('73','73624','ROVIRA','2021-05-30 09:28:22',1),('73','73671','SALDAÑA','2021-05-30 09:28:22',1),('73','73675','SAN ANTONIO','2021-05-30 09:28:22',1),('73','73678','SAN LUIS','2021-05-30 09:28:22',1),('73','73686','SANTA ISABEL','2021-05-30 09:28:22',1),('73','73770','SUAREZ','2021-05-30 09:28:22',1),('73','73854','VALLE DE SAN JUAN','2021-05-30 09:28:22',1),('73','73861','VENADILLO','2021-05-30 09:28:22',1),('73','73870','VILLAHERMOSA','2021-05-30 09:28:22',1),('73','73873','VILLARRICA','2021-05-30 09:28:22',1),('76','76001','CALI','2021-05-30 09:28:22',1),('76','76020','ALCALA','2021-05-30 09:28:22',1),('76','76036','ANDALUCIA','2021-05-30 09:28:22',1),('76','76041','ANSERMANUEVO','2021-05-30 09:28:22',1),('76','76054','ARGELIA','2021-05-30 09:28:22',1),('76','76100','BOLIVAR','2021-05-30 09:28:22',1),('76','76109','BUENAVENTURA','2021-05-30 09:28:22',1),('76','76111','GUADALAJARA DE BUGA','2021-05-30 09:28:22',1),('76','76113','BUGALAGRANDE','2021-05-30 09:28:22',1),('76','76122','CAICEDONIA','2021-05-30 09:28:22',1),('76','76126','CALIMA','2021-05-30 09:28:22',1),('76','76130','CANDELARIA','2021-05-30 09:28:22',1),('76','76147','CARTAGO','2021-05-30 09:28:22',1),('76','76233','DAGUA','2021-05-30 09:28:22',1),('76','76243','EL AGUILA','2021-05-30 09:28:22',1),('76','76246','EL CAIRO','2021-05-30 09:28:22',1),('76','76248','EL CERRITO','2021-05-30 09:28:22',1),('76','76250','EL DOVIO','2021-05-30 09:28:22',1),('76','76275','FLORIDA','2021-05-30 09:28:22',1),('76','76306','GINEBRA','2021-05-30 09:28:22',1),('76','76318','GUACARI','2021-05-30 09:28:22',1),('76','76364','JAMUNDI','2021-05-30 09:28:22',1),('76','76377','LA CUMBRE','2021-05-30 09:28:22',1),('76','76400','LA UNION','2021-05-30 09:28:22',1),('76','76403','LA VICTORIA','2021-05-30 09:28:22',1),('76','76497','OBANDO','2021-05-30 09:28:22',1),('76','76520','PALMIRA','2021-05-30 09:28:22',1),('76','76563','PRADERA','2021-05-30 09:28:22',1),('76','76606','RESTREPO','2021-05-30 09:28:22',1),('76','76616','RIOFRIO','2021-05-30 09:28:22',1),('76','76622','ROLDANILLO','2021-05-30 09:28:22',1),('76','76670','SAN PEDRO','2021-05-30 09:28:22',1),('76','76736','SEVILLA','2021-05-30 09:28:22',1),('76','76823','TORO','2021-05-30 09:28:22',1),('76','76828','TRUJILLO','2021-05-30 09:28:22',1),('76','76834','TULUA','2021-05-30 09:28:22',1),('76','76845','ULLOA','2021-05-30 09:28:22',1),('76','76863','VERSALLES','2021-05-30 09:28:22',1),('76','76869','VIJES','2021-05-30 09:28:22',1),('76','76890','YOTOCO','2021-05-30 09:28:22',1),('76','76892','YUMBO','2021-05-30 09:28:22',1),('76','76895','ZARZAL','2021-05-30 09:28:22',1),('81','81001','ARAUCA','2021-05-30 09:28:22',1),('81','81065','ARAUQUITA','2021-05-30 09:28:22',1),('81','81220','CRAVO NORTE','2021-05-30 09:28:22',1),('81','81300','FORTUL','2021-05-30 09:28:22',1),('81','81591','PUERTO RONDON','2021-05-30 09:28:22',1),('81','81736','SARAVENA','2021-05-30 09:28:22',1),('81','81794','TAME','2021-05-30 09:28:22',1),('85','85001','YOPAL','2021-05-30 09:28:22',1),('85','85010','AGUAZUL','2021-05-30 09:28:22',1),('85','85015','CHAMEZA','2021-05-30 09:28:22',1),('85','85125','HATO COROZAL','2021-05-30 09:28:22',1),('85','85136','LA SALINA','2021-05-30 09:28:22',1),('85','85139','MANI','2021-05-30 09:28:22',1),('85','85162','MONTERREY','2021-05-30 09:28:22',1),('85','85225','NUNCHIA','2021-05-30 09:28:22',1),('85','85230','OROCUE','2021-05-30 09:28:22',1),('85','85250','PAZ DE ARIPORO','2021-05-30 09:28:22',1),('85','85263','PORE','2021-05-30 09:28:22',1),('85','85279','RECETOR','2021-05-30 09:28:22',1),('85','85300','SABANALARGA','2021-05-30 09:28:22',1),('85','85315','SACAMA','2021-05-30 09:28:22',1),('85','85325','SAN LUIS DE PALENQUE','2021-05-30 09:28:22',1),('85','85400','TAMARA','2021-05-30 09:28:22',1),('85','85410','TAURAMENA','2021-05-30 09:28:22',1),('85','85430','TRINIDAD','2021-05-30 09:28:22',1),('85','85440','VILLANUEVA','2021-05-30 09:28:22',1),('86','86001','MOCOA','2021-05-30 09:28:22',1),('86','86219','COLON','2021-05-30 09:28:22',1),('86','86320','ORITO','2021-05-30 09:28:22',1),('86','86568','PUERTO ASIS','2021-05-30 09:28:22',1),('86','86569','PUERTO CAICEDO','2021-05-30 09:28:22',1),('86','86571','PUERTO GUZMAN','2021-05-30 09:28:22',1),('86','86573','LEGUIZAMO','2021-05-30 09:28:22',1),('86','86749','SIBUNDOY','2021-05-30 09:28:22',1),('86','86755','SAN FRANCISCO','2021-05-30 09:28:22',1),('86','86757','SAN MIGUEL','2021-05-30 09:28:22',1),('86','86760','SANTIAGO','2021-05-30 09:28:22',1),('86','86865','VALLE DEL GUAMUEZ','2021-05-30 09:28:22',1),('86','86885','VILLAGARZON','2021-05-30 09:28:22',1),('88','88001','SAN ANDRES','2021-05-30 09:28:22',1),('88','88564','PROVIDENCIA','2021-05-30 09:28:22',1),('91','91001','LETICIA','2021-05-30 09:28:22',1),('91','91263','EL ENCANTO','2021-05-30 09:28:22',1),('91','91405','LA CHORRERA','2021-05-30 09:28:22',1),('91','91407','LA PEDRERA','2021-05-30 09:28:22',1),('91','91430','LA VICTORIA','2021-05-30 09:28:22',1),('91','91460','MIRITI - PARANA','2021-05-30 09:28:22',1),('91','91530','PUERTO ALEGRIA','2021-05-30 09:28:22',1),('91','91536','PUERTO ARICA','2021-05-30 09:28:22',1),('91','91540','PUERTO NARIÑO','2021-05-30 09:28:22',1),('91','91669','PUERTO SANTANDER','2021-05-30 09:28:22',1),('91','91798','TARAPACA','2021-05-30 09:28:22',1),('94','94001','INIRIDA','2021-05-30 09:28:22',1),('94','94343','BARRANCO MINAS','2021-05-30 09:28:22',1),('94','94663','MAPIRIPANA','2021-05-30 09:28:22',1),('94','94883','SAN FELIPE','2021-05-30 09:28:22',1),('94','94884','PUERTO COLOMBIA','2021-05-30 09:28:22',1),('94','94885','LA GUADALUPE','2021-05-30 09:28:22',1),('94','94886','CACAHUAL','2021-05-30 09:28:22',1),('94','94887','PANA PANA','2021-05-30 09:28:22',1),('94','94888','MORICHAL','2021-05-30 09:28:22',1),('95','95001','SAN JOSE DEL GUAVIARE','2021-05-30 09:28:22',1),('95','95015','CALAMAR','2021-05-30 09:28:22',1),('95','95025','EL RETORNO','2021-05-30 09:28:22',1),('95','95200','MIRAFLORES','2021-05-30 09:28:22',1),('97','97001','MITU','2021-05-30 09:28:22',1),('97','97161','CARURU','2021-05-30 09:28:22',1),('97','97511','PACOA','2021-05-30 09:28:22',1),('97','97666','TARAIRA','2021-05-30 09:28:22',1),('97','97777','PAPUNAUA','2021-05-30 09:28:22',1),('97','97889','YAVARATE','2021-05-30 09:28:22',1),('99','99001','PUERTO CARREÑO','2021-05-30 09:28:22',1),('99','99524','LA PRIMAVERA','2021-05-30 09:28:22',1),('99','99624','SANTA ROSALIA','2021-05-30 09:28:22',1),('99','99773','CUMARIBO','2021-05-30 09:28:22',1);

/*Table structure for table `paises` */

DROP TABLE IF EXISTS `paises`;

CREATE TABLE `paises` (
  `idContinente` tinyint(4) NOT NULL,
  `id` tinyint(4) NOT NULL AUTO_INCREMENT,
  `nombre` varchar(255) COLLATE utf8_unicode_ci NOT NULL,
  `fecha_registro` timestamp NOT NULL DEFAULT CURRENT_TIMESTAMP ON UPDATE CURRENT_TIMESTAMP,
  `activo` tinyint(1) NOT NULL DEFAULT '1',
  PRIMARY KEY (`id`),
  KEY `idContinente` (`idContinente`),
  CONSTRAINT `paises_ibfk_1` FOREIGN KEY (`idContinente`) REFERENCES `continentes` (`id`)
) ENGINE=InnoDB AUTO_INCREMENT=7 DEFAULT CHARSET=utf8 COLLATE=utf8_unicode_ci;

/*Data for the table `paises` */

insert  into `paises`(`idContinente`,`id`,`nombre`,`fecha_registro`,`activo`) values (3,1,'COLOMBIA','2021-05-30 09:29:01',1),(1,2,'MÉXICO','2021-05-30 09:29:06',1),(2,3,'ESTADOS UNIDOS','2021-05-30 09:29:13',1),(4,4,'CHINA','2021-05-30 09:29:16',1),(5,5,'EGIPTO','2021-05-30 09:29:20',1),(7,6,'AUSTRALIA','2021-05-30 09:29:26',1);

/*Table structure for table `proveedores` */

DROP TABLE IF EXISTS `proveedores`;

CREATE TABLE `proveedores` (
  `id` bigint(9) NOT NULL AUTO_INCREMENT,
  `usuario` varchar(255) COLLATE utf8_unicode_ci NOT NULL,
  `contrasena` varchar(100) COLLATE utf8_unicode_ci NOT NULL,
  `nombres` varchar(150) COLLATE utf8_unicode_ci NOT NULL,
  `apellidos` varchar(150) COLLATE utf8_unicode_ci NOT NULL,
  `idMunicipio` bigint(6) NOT NULL,
  `calificacion` char(5) COLLATE utf8_unicode_ci NOT NULL,
  `fechaNac` date NOT NULL,
  `foto` varchar(120) COLLATE utf8_unicode_ci NOT NULL DEFAULT 'default.png',
  `fechaReg` timestamp NOT NULL DEFAULT CURRENT_TIMESTAMP ON UPDATE CURRENT_TIMESTAMP,
  `activo` tinyint(1) NOT NULL DEFAULT '1',
  PRIMARY KEY (`id`)
) ENGINE=InnoDB AUTO_INCREMENT=8 DEFAULT CHARSET=utf8 COLLATE=utf8_unicode_ci;

/*Data for the table `proveedores` */

insert  into `proveedores`(`id`,`usuario`,`contrasena`,`nombres`,`apellidos`,`idMunicipio`,`calificacion`,`fechaNac`,`foto`,`fechaReg`,`activo`) values (1,'ingjerson2014@gmail.com','OVlmSlQ5TVpGWEdMR2tPdWJVOS9RUT09','Jerson Daniel','Batista Vega',1,'0','1989-05-26','','2021-05-31 14:06:54',1),(3,'josealf7@gmail.com','OVlmSlQ5TVpGWEdMR2tPdWJVOS9RUT09','JOSE ALFREDO','TAPIA ARROYO',1,'0','1978-09-04','','2021-05-31 14:06:56',1),(4,'jcvasquez18@hotmail.com','OVlmSlQ5TVpGWEdMR2tPdWJVOS9RUT09','Juan Carlos','Vasquez Lopez',1,'0','1996-07-04','','2021-05-31 14:06:58',1),(5,'ingjerson@gmail.com','OVlmSlQ5TVpGWEdMR2tPdWJVOS9RUT09','Jerson Daniel','Batista Vega',1,'0','1989-05-26','','2021-05-31 14:06:59',1),(6,'leo@gmail.com','OVlmSlQ5TVpGWEdMR2tPdWJVOS9RUT09','LEONARDO RAFAEL','ROMERO ORTEGA',1,'0','1972-03-09','','2021-05-31 14:07:00',1),(7,'enis@correo.com','OVlmSlQ5TVpGWEdMR2tPdWJVOS9RUT09','ENIS YOJANA','TAPIA ARROYO',1,'0','1984-11-12','','2021-05-31 14:07:02',1);

/*Table structure for table `proveedorservicios` */

DROP TABLE IF EXISTS `proveedorservicios`;

CREATE TABLE `proveedorservicios` (
  `id` bigint(9) NOT NULL AUTO_INCREMENT,
  `idProveedor` bigint(9) NOT NULL,
  `idServicio` bigint(9) NOT NULL,
  `valor` float NOT NULL,
  `fecha_reg` timestamp NOT NULL DEFAULT CURRENT_TIMESTAMP ON UPDATE CURRENT_TIMESTAMP,
  `activo` tinyint(1) NOT NULL DEFAULT '1',
  PRIMARY KEY (`id`),
  KEY `idProveedor` (`idProveedor`),
  KEY `idServicio` (`idServicio`),
  CONSTRAINT `proveedorservicios_ibfk_1` FOREIGN KEY (`idProveedor`) REFERENCES `proveedores` (`id`) ON DELETE CASCADE ON UPDATE CASCADE,
  CONSTRAINT `proveedorservicios_ibfk_2` FOREIGN KEY (`idServicio`) REFERENCES `servicios` (`id`) ON DELETE CASCADE ON UPDATE CASCADE
) ENGINE=InnoDB AUTO_INCREMENT=63 DEFAULT CHARSET=utf8 COLLATE=utf8_unicode_ci;

/*Data for the table `proveedorservicios` */

insert  into `proveedorservicios`(`id`,`idProveedor`,`idServicio`,`valor`,`fecha_reg`,`activo`) values (60,1,4,0,'2018-11-12 18:53:39',1),(61,1,8,0,'2018-11-12 18:53:39',1),(62,1,1,0,'2018-11-12 18:53:39',1);

/*Table structure for table `rango_accion_servicios` */

DROP TABLE IF EXISTS `rango_accion_servicios`;

CREATE TABLE `rango_accion_servicios` (
  `id` int(11) NOT NULL AUTO_INCREMENT,
  `idProveedor` bigint(9) NOT NULL,
  `idMunicipio` varchar(5) COLLATE utf8_unicode_ci NOT NULL,
  `estado` tinyint(1) NOT NULL DEFAULT '1',
  `fecha` timestamp NOT NULL DEFAULT CURRENT_TIMESTAMP ON UPDATE CURRENT_TIMESTAMP,
  PRIMARY KEY (`id`),
  KEY `idMunicipio` (`idMunicipio`),
  KEY `idProveedor` (`idProveedor`),
  CONSTRAINT `rango_accion_servicios_ibfk_3` FOREIGN KEY (`idProveedor`) REFERENCES `proveedores` (`id`) ON DELETE CASCADE ON UPDATE CASCADE
) ENGINE=InnoDB AUTO_INCREMENT=30 DEFAULT CHARSET=utf8 COLLATE=utf8_unicode_ci;

/*Data for the table `rango_accion_servicios` */

insert  into `rango_accion_servicios`(`id`,`idProveedor`,`idMunicipio`,`estado`,`fecha`) values (19,1,'13244',1,'2021-05-30 09:33:46'),(20,1,'13430',1,'2021-05-30 10:01:22'),(21,1,'13001',1,'2021-05-30 09:35:35'),(22,1,'13442',1,'2021-05-30 09:35:27'),(28,1,'13062',2,'2021-05-31 13:26:28'),(29,1,'08372',2,'2021-05-31 13:25:50');

/*Table structure for table `servicios` */

DROP TABLE IF EXISTS `servicios`;

CREATE TABLE `servicios` (
  `idcategoria` smallint(3) NOT NULL,
  `idSubCategoria` smallint(3) DEFAULT NULL,
  `id` bigint(9) NOT NULL AUTO_INCREMENT,
  `nombre` varchar(255) COLLATE utf8_unicode_ci NOT NULL,
  `fechaReg` timestamp NOT NULL DEFAULT CURRENT_TIMESTAMP ON UPDATE CURRENT_TIMESTAMP,
  `activo` tinyint(1) NOT NULL DEFAULT '1',
  PRIMARY KEY (`id`),
  KEY `idcategoria` (`idcategoria`),
  KEY `idSubCategoria` (`idSubCategoria`),
  CONSTRAINT `servicios_ibfk_1` FOREIGN KEY (`idcategoria`) REFERENCES `categorias` (`id`) ON DELETE CASCADE ON UPDATE CASCADE,
  CONSTRAINT `servicios_ibfk_2` FOREIGN KEY (`idSubCategoria`) REFERENCES `subcategoria` (`id`) ON DELETE CASCADE ON UPDATE CASCADE
) ENGINE=InnoDB AUTO_INCREMENT=11 DEFAULT CHARSET=utf8 COLLATE=utf8_unicode_ci;

/*Data for the table `servicios` */

insert  into `servicios`(`idcategoria`,`idSubCategoria`,`id`,`nombre`,`fechaReg`,`activo`) values (15,NULL,1,'pintura exterior','2018-08-22 07:07:49',1),(15,NULL,2,'pintura interior','2018-08-22 07:08:07',1),(15,NULL,3,'impermeabilización','2018-08-22 07:09:17',1),(15,NULL,4,'electricidad','2018-08-22 07:09:27',1),(15,NULL,5,'plomería Y fontanería','2018-08-22 07:09:43',1),(15,NULL,6,'carpintería','2018-08-22 07:09:54',1),(15,NULL,7,'herrería','2018-08-22 07:10:03',1),(15,NULL,8,'albañilería','2018-08-22 07:10:12',1),(5,NULL,9,'jardinería','2018-08-22 07:11:36',1),(15,NULL,10,'limpieza','2018-08-22 07:10:43',1);

/*Table structure for table `solicitudservicios` */

DROP TABLE IF EXISTS `solicitudservicios`;

CREATE TABLE `solicitudservicios` (
  `id` bigint(9) NOT NULL AUTO_INCREMENT,
  `idCliente` bigint(9) NOT NULL,
  `idProveedorServicio` bigint(9) NOT NULL,
  `fecha` date NOT NULL,
  `hora_ini` time DEFAULT NULL,
  `hora_fin` time DEFAULT NULL,
  `calf_proveedor` tinyint(4) DEFAULT NULL,
  `calf_cliente` tinyint(4) DEFAULT NULL,
  `obs_cliente` varchar(250) COLLATE utf8_unicode_ci DEFAULT NULL,
  `obs_proveedor` varchar(250) COLLATE utf8_unicode_ci DEFAULT NULL,
  `fecha_reg` timestamp NOT NULL DEFAULT CURRENT_TIMESTAMP ON UPDATE CURRENT_TIMESTAMP,
  `usuario_reg` bigint(20) DEFAULT NULL,
  `activo` tinyint(1) NOT NULL DEFAULT '1',
  PRIMARY KEY (`id`),
  KEY `idCliente` (`idCliente`),
  KEY `idProveedorServicio` (`idProveedorServicio`),
  CONSTRAINT `solicitudservicios_ibfk_1` FOREIGN KEY (`idCliente`) REFERENCES `clientes` (`id`) ON DELETE CASCADE ON UPDATE CASCADE,
  CONSTRAINT `solicitudservicios_ibfk_2` FOREIGN KEY (`idProveedorServicio`) REFERENCES `proveedorservicios` (`id`) ON DELETE CASCADE ON UPDATE CASCADE
) ENGINE=InnoDB DEFAULT CHARSET=utf8 COLLATE=utf8_unicode_ci;

/*Data for the table `solicitudservicios` */

/*Table structure for table `subcategoria` */

DROP TABLE IF EXISTS `subcategoria`;

CREATE TABLE `subcategoria` (
  `idcategoria` smallint(3) NOT NULL,
  `id` smallint(3) NOT NULL AUTO_INCREMENT,
  `nombre` varchar(150) COLLATE utf8_unicode_ci NOT NULL,
  `fechaReg` timestamp NOT NULL DEFAULT CURRENT_TIMESTAMP ON UPDATE CURRENT_TIMESTAMP,
  `usuarioReg` bigint(9) DEFAULT NULL,
  `activo` tinyint(1) NOT NULL DEFAULT '1',
  PRIMARY KEY (`id`),
  KEY `idcategoria` (`idcategoria`),
  CONSTRAINT `subcategoria_ibfk_1` FOREIGN KEY (`idcategoria`) REFERENCES `categorias` (`id`) ON DELETE CASCADE ON UPDATE CASCADE
) ENGINE=InnoDB AUTO_INCREMENT=2 DEFAULT CHARSET=utf8 COLLATE=utf8_unicode_ci;

/*Data for the table `subcategoria` */

insert  into `subcategoria`(`idcategoria`,`id`,`nombre`,`fechaReg`,`usuarioReg`,`activo`) values (15,1,'mantenimiento residencial','2018-08-22 07:06:28',NULL,1);

/*Table structure for table `telefonoclientes` */

DROP TABLE IF EXISTS `telefonoclientes`;

CREATE TABLE `telefonoclientes` (
  `id` bigint(9) NOT NULL DEFAULT '0',
  `idCliente` bigint(9) NOT NULL,
  `telefono` varchar(50) COLLATE utf8_unicode_ci NOT NULL,
  `fechaReg` timestamp NOT NULL DEFAULT CURRENT_TIMESTAMP ON UPDATE CURRENT_TIMESTAMP,
  `activo` tinyint(1) NOT NULL DEFAULT '1',
  PRIMARY KEY (`id`),
  KEY `idCliente` (`idCliente`),
  CONSTRAINT `telefonoclientes_ibfk_1` FOREIGN KEY (`idCliente`) REFERENCES `clientes` (`id`) ON DELETE CASCADE ON UPDATE CASCADE
) ENGINE=InnoDB DEFAULT CHARSET=utf8 COLLATE=utf8_unicode_ci;

/*Data for the table `telefonoclientes` */

insert  into `telefonoclientes`(`id`,`idCliente`,`telefono`,`fechaReg`,`activo`) values (0,2,'3008829776','2018-04-23 17:59:56',1);

/*Table structure for table `telefonoproveedores` */

DROP TABLE IF EXISTS `telefonoproveedores`;

CREATE TABLE `telefonoproveedores` (
  `id` bigint(9) NOT NULL AUTO_INCREMENT,
  `idProveedor` bigint(9) NOT NULL,
  `telefono` varchar(50) COLLATE utf8_unicode_ci NOT NULL,
  `fechaReg` timestamp NOT NULL DEFAULT CURRENT_TIMESTAMP ON UPDATE CURRENT_TIMESTAMP,
  `activo` tinyint(1) NOT NULL DEFAULT '1',
  PRIMARY KEY (`id`),
  KEY `idProveedor` (`idProveedor`),
  CONSTRAINT `telefonoproveedores_ibfk_1` FOREIGN KEY (`idProveedor`) REFERENCES `proveedores` (`id`) ON DELETE CASCADE ON UPDATE CASCADE
) ENGINE=InnoDB AUTO_INCREMENT=8 DEFAULT CHARSET=utf8 COLLATE=utf8_unicode_ci;

/*Data for the table `telefonoproveedores` */

insert  into `telefonoproveedores`(`id`,`idProveedor`,`telefono`,`fechaReg`,`activo`) values (1,1,'3006469855','2018-04-08 18:26:23',1),(3,3,'3107358169','2018-04-08 19:04:28',1),(4,4,'3006558024','2018-09-15 19:05:59',1),(5,5,'3007358024','2018-09-18 05:43:58',1),(6,6,'3116576004','2018-10-16 19:41:33',1),(7,7,'6861395, 3105636','2018-10-18 17:59:06',1);

/*Table structure for table `tipoagenda` */

DROP TABLE IF EXISTS `tipoagenda`;

CREATE TABLE `tipoagenda` (
  `id` tinyint(4) NOT NULL AUTO_INCREMENT,
  `nombre` varchar(150) COLLATE utf8_unicode_ci NOT NULL,
  `fecha_reg` timestamp NOT NULL DEFAULT CURRENT_TIMESTAMP ON UPDATE CURRENT_TIMESTAMP,
  `activo` tinyint(1) NOT NULL DEFAULT '1',
  PRIMARY KEY (`id`)
) ENGINE=InnoDB AUTO_INCREMENT=3 DEFAULT CHARSET=utf8 COLLATE=utf8_unicode_ci;

/*Data for the table `tipoagenda` */

insert  into `tipoagenda`(`id`,`nombre`,`fecha_reg`,`activo`) values (1,'General','2018-10-25 14:52:29',1),(2,'Especifica','2018-10-25 14:52:34',1);

/*Table structure for table `usuariosclientes` */

DROP TABLE IF EXISTS `usuariosclientes`;

CREATE TABLE `usuariosclientes` (
  `id` int(10) unsigned NOT NULL AUTO_INCREMENT,
  `usuario` varchar(255) COLLATE utf8_unicode_ci NOT NULL,
  `contrasena` blob NOT NULL,
  `activo` tinyint(4) NOT NULL DEFAULT '1',
  `fechaRegistro` timestamp NOT NULL DEFAULT CURRENT_TIMESTAMP ON UPDATE CURRENT_TIMESTAMP,
  PRIMARY KEY (`id`),
  UNIQUE KEY `usuariosclientes_email_unique` (`usuario`)
) ENGINE=InnoDB AUTO_INCREMENT=9 DEFAULT CHARSET=utf8 COLLATE=utf8_unicode_ci;

/*Data for the table `usuariosclientes` */

insert  into `usuariosclientes`(`id`,`usuario`,`contrasena`,`activo`,`fechaRegistro`) values (1,'josealf7@gmail.com','N:fJA	jy',1,'2018-04-16 22:14:37'),(2,'norelys@correo.com','eu!Þ0k\'i',1,'2018-04-23 17:59:55'),(3,'josealf@correo.com','%Q3wN',1,'2018-10-18 17:40:00'),(4,'cesar@correo.com','N:fJA	jy',1,'2018-10-18 17:54:42'),(5,'orlay@correo.com','N:fJA	jy',1,'2018-10-18 17:56:50'),(6,'enis@correo.com','N:fJA	jy',1,'2018-10-18 17:59:06'),(7,'mariana@correo.com','N:fJA	jy',1,'2018-10-18 18:26:52'),(8,'josealf123@correo.com','d n]΂wm',1,'2018-10-22 17:54:07');

/*Table structure for table `usuariosproveedores` */

DROP TABLE IF EXISTS `usuariosproveedores`;

CREATE TABLE `usuariosproveedores` (
  `id` int(10) unsigned NOT NULL AUTO_INCREMENT,
  `usuario` varchar(255) COLLATE utf8_unicode_ci NOT NULL,
  `contrasena` blob NOT NULL,
  `activo` tinyint(4) DEFAULT NULL,
  `fechaRegistro` timestamp NOT NULL DEFAULT CURRENT_TIMESTAMP ON UPDATE CURRENT_TIMESTAMP,
  PRIMARY KEY (`id`),
  UNIQUE KEY `usuariosproveedores_email_unique` (`usuario`)
) ENGINE=InnoDB AUTO_INCREMENT=8 DEFAULT CHARSET=utf8 COLLATE=utf8_unicode_ci;

/*Data for the table `usuariosproveedores` */

insert  into `usuariosproveedores`(`id`,`usuario`,`contrasena`,`activo`,`fechaRegistro`) values (1,'ingjerson2014@gmail.com','N:fJA	jy',1,'2018-08-15 08:41:07'),(3,'josealf7@gmail.com','N:fJA	jy',1,'2018-08-15 08:41:06'),(4,'jcvasquez18@hotmail.com','fWT=o',2,'2018-09-15 19:05:59'),(5,'ingjerson@gmail.com','d n]΂wm',2,'2018-09-18 05:43:57'),(6,'leo@gmail.com','N:fJA	jy',1,'2018-10-16 19:43:08'),(7,'enis@correo.com','N:fJA	jy',2,'2018-10-18 17:59:06');

/*!40101 SET SQL_MODE=@OLD_SQL_MODE */;
/*!40014 SET FOREIGN_KEY_CHECKS=@OLD_FOREIGN_KEY_CHECKS */;
/*!40014 SET UNIQUE_CHECKS=@OLD_UNIQUE_CHECKS */;
/*!40111 SET SQL_NOTES=@OLD_SQL_NOTES */;
